date,gal_hour_model20T-1,gal_hour_model20T-2,gal_hour_model30T-1,gal_hour_model30T-2,gal_hour_model30T-3,gal_hour_model36T-1,gal_hour_model36T-2,gal_hour_model39T-1,gal_hour_model39T-2,gal_hour_model49T-1,hours_machine_model20T-1,hours_machine_model20T-2,hours_machine_model30T-1,hours_machine_model30T-2,hours_machine_model30T-3,hours_machine_model36T-1,hours_machine_model36T-2,hours_machine_model39T-1,hours_machine_model39T-2,hours_machine_model49T-1,idle_percentage_model20T-1,idle_percentage_model20T-2,idle_percentage_model30T-1,idle_percentage_model30T-2,idle_percentage_model30T-3,idle_percentage_model36T-1,idle_percentage_model36T-2,idle_percentage_model39T-1,idle_percentage_model39T-2,idle_percentage_model49T-1,operating_percentage_model20T-1,operating_percentage_model20T-2,operating_percentage_model30T-1,operating_percentage_model30T-2,operating_percentage_model30T-3,operating_percentage_model36T-1,operating_percentage_model36T-2,operating_percentage_model39T-1,operating_percentage_model39T-2,operating_percentage_model49T-1,performance_model20T-1,performance_model20T-2,performance_model30T-1,performance_model30T-2,performance_model30T-3,performance_model36T-1,performance_model36T-2,performance_model39T-1,performance_model39T-2,performance_model49T-1,total_fuel_model20T-1,total_fuel_model20T-2,total_fuel_model30T-1,total_fuel_model30T-2,total_fuel_model30T-3,total_fuel_model36T-1,total_fuel_model36T-2,total_fuel_model39T-1,total_fuel_model39T-2,total_fuel_model49T-1,coal_prod,waste_prod,haul_truck_15.0m3,haul_truck_24.0m3,haul_truck_25.0m3,haul_truck_27.0m3,truck_trips_15.0m3,truck_trips_24.0m3,truck_trips_25.0m3,truck_trips_27.0m3,rainfall_mm
2024-02-25,4.4075,9.7,0.0,0.0,0.0,0.0,0.0,8.7,8.7,11.8,11.713,12.7,0.0,0.0,0.0,0.0,0.0,12.3,14.2,12.7,7.0,23.7,0.0,0.0,0.0,0.0,0.0,11.4,14.1,14.8,93.0,76.3,0.0,0.0,0.0,0.0,0.0,88.6,85.9,85.2,202.5,175.4,0.0,0.0,0.0,0.0,0.0,72.9,250.3,157.2,51.625,123.19,0.0,0.0,0.0,0.0,0.0,107.4,124.3,149.86,230.775,7161.0,9.0,1.0,1.0,6.0,196.0,19.0,21.0,120.0,7.6
2024-02-26,4.2013,0.0,0.0,0.0,0.0,0.0,0.0,9.1,9.1,11.8,14.073,0.0,0.0,0.0,0.0,0.0,0.0,14.3,17.0,15.1,7.0,0.0,0.0,0.0,0.0,0.0,0.0,7.0,9.4,14.8,93.0,0.0,0.0,0.0,0.0,0.0,0.0,93.0,90.6,85.2,187.3,0.0,0.0,0.0,0.0,0.0,0.0,180.4,185.4,302.2,59.1249,0.0,0.0,0.0,0.0,0.0,0.0,130.6,155.5,178.18,167.025,10956.0,10.0,1.0,1.0,6.0,302.0,37.0,39.0,169.0,0.0
2024-02-27,4.3146,9.7,0.0,0.0,0.0,0.0,0.0,9.3,9.5,11.8,14.196,14.4,0.0,0.0,0.0,0.0,0.0,14.2,14.8,14.4,7.0,23.7,0.0,0.0,0.0,0.0,0.0,6.3,6.1,14.8,93.0,76.3,0.0,0.0,0.0,0.0,0.0,93.7,93.9,85.2,157.1,91.4,0.0,0.0,0.0,0.0,0.0,253.1,156.7,165.4,61.2499,139.68,0.0,0.0,0.0,0.0,0.0,132.4,142.7,169.92,414.375,12544.0,11.0,1.0,1.0,6.0,335.0,41.0,40.0,205.0,41.1
2024-02-28,4.2986,9.7,0.0,0.0,0.0,0.0,0.0,9.2,9.0,11.8,18.698,19.5,0.0,0.0,0.0,0.0,0.0,18.9,21.0,19.5,7.0,23.7,0.0,0.0,0.0,0.0,0.0,7.4,11.0,14.8,93.0,76.3,0.0,0.0,0.0,0.0,0.0,92.6,89.0,85.2,182.8,162.0,0.0,0.0,0.0,0.0,0.0,137.8,285.0,313.5,80.3749,189.15,0.0,0.0,0.0,0.0,0.0,175.1,191.0,230.1,251.175,13027.0,9.0,1.0,1.0,6.0,325.0,44.0,43.0,223.0,0.0
2024-02-29,4.2439,0.0,0.0,0.0,0.0,0.0,0.0,9.1,9.5,11.8,19.145,0.0,0.0,0.0,0.0,0.0,0.0,19.5,19.5,19.4,8.0,0.0,0.0,0.0,0.0,0.0,0.0,7.7,8.2,14.8,92.0,0.0,0.0,0.0,0.0,0.0,0.0,92.3,91.8,85.2,174.2,0.0,0.0,0.0,0.0,0.0,0.0,164.8,130.6,178.8,81.2501,0.0,0.0,0.0,0.0,0.0,0.0,178.7,185.6,228.92,314.925,14098.0,9.0,2.0,1.0,6.0,312.0,54.0,43.0,261.0,0.0
2024-03-01,4.2557,0.0,0.0,0.0,0.0,0.0,0.0,9.1,9.0,11.8,14.598,0.0,0.0,0.0,0.0,0.0,0.0,19.3,19.2,17.7,8.0,0.0,0.0,0.0,0.0,0.0,0.0,8.3,9.4,14.8,92.0,0.0,0.0,0.0,0.0,0.0,0.0,91.7,90.6,85.2,174.4,0.0,0.0,0.0,0.0,0.0,0.0,201.9,63.3,134.5,62.1251,0.0,0.0,0.0,0.0,0.0,0.0,176.6,173.9,208.86,414.375,15436.0,8.0,1.0,1.0,6.0,415.0,60.0,43.0,248.0,0.0
2024-03-02,4.1706,0.0,0.0,0.0,0.0,0.0,0.0,9.0,9.0,11.8,20.081,0.0,0.0,0.0,0.0,0.0,0.0,19.5,19.6,19.7,10.0,0.0,0.0,0.0,0.0,0.0,0.0,8.2,10.7,14.8,90.0,0.0,0.0,0.0,0.0,0.0,0.0,91.8,89.3,85.2,202.5,0.0,0.0,0.0,0.0,0.0,0.0,234.1,258.6,225.1,83.7499,0.0,0.0,0.0,0.0,0.0,0.0,176.9,177.9,232.46,459.0,14919.0,9.0,1.0,1.0,6.0,346.0,56.0,33.0,280.0,0.0
2024-03-03,4.3632,0.0,0.0,0.0,0.0,0.0,0.0,8.7,9.1,0.0,19.252,0.0,0.0,0.0,0.0,0.0,0.0,13.9,14.1,0.0,8.0,0.0,0.0,0.0,0.0,0.0,0.0,9.4,9.9,0.0,92.0,0.0,0.0,0.0,0.0,0.0,0.0,90.6,90.1,0.0,202.5,0.0,0.0,0.0,0.0,0.0,0.0,114.2,201.0,0.0,83.9998,0.0,0.0,0.0,0.0,0.0,0.0,122.7,129.8,0.0,255.0,6973.0,8.0,1.0,1.0,6.0,169.0,28.0,7.0,133.0,0.0
2024-03-04,4.1682,0.0,0.0,0.0,0.0,0.0,0.0,9.0,9.3,11.8,5.188,0.0,0.0,0.0,0.0,0.0,0.0,13.8,13.6,10.9,13.0,0.0,0.0,0.0,0.0,0.0,0.0,9.4,7.4,14.8,87.0,0.0,0.0,0.0,0.0,0.0,0.0,90.6,92.6,85.2,202.5,0.0,0.0,0.0,0.0,0.0,0.0,133.0,195.8,164.6,21.6249,0.0,0.0,0.0,0.0,0.0,0.0,124.7,127.3,128.62,267.75,12244.0,9.0,1.0,1.0,6.0,251.0,47.0,37.0,238.0,0.0
2024-03-06,4.1198,2.6028,0.0,0.0,0.0,0.0,0.0,9.1,8.3,11.8,18.751,9.557,0.0,0.0,0.0,0.0,0.0,19.1,18.8,16.6,7.0,30.0,0.0,0.0,0.0,0.0,0.0,8.4,10.6,14.8,93.0,70.0,0.0,0.0,0.0,0.0,0.0,91.6,89.4,85.2,202.5,113.7,0.0,0.0,0.0,0.0,0.0,95.3,189.9,247.5,77.25,24.875,0.0,0.0,0.0,0.0,0.0,175.1,158.1,195.88,522.75,11913.0,7.0,1.0,1.0,6.0,177.0,45.0,42.0,264.0,0.0
2024-03-08,3.9369,3.3865,0.0,0.0,0.0,0.0,0.0,8.9,9.1,0.0,10.954,11.59,0.0,0.0,0.0,0.0,0.0,17.9,17.4,0.0,10.0,18.0,0.0,0.0,0.0,0.0,0.0,8.9,12.6,0.0,90.0,82.0,0.0,0.0,0.0,0.0,0.0,91.1,87.4,0.0,202.5,113.7,0.0,0.0,0.0,0.0,0.0,271.2,198.8,0.0,43.125,39.2499,0.0,0.0,0.0,0.0,0.0,160.5,159.5,0.0,424.575,11214.0,8.0,1.0,1.0,5.0,236.0,51.0,42.0,200.0,13.9
2024-03-11,3.2866,3.8235,0.0,0.0,0.0,0.0,0.0,9.2,9.2,11.8,9.014,5.002,0.0,0.0,0.0,0.0,0.0,14.4,14.3,10.7,9.0,15.0,0.0,0.0,0.0,0.0,0.0,6.9,9.1,14.8,91.0,85.0,0.0,0.0,0.0,0.0,0.0,93.1,90.9,85.2,165.6,113.7,0.0,0.0,0.0,0.0,0.0,35.9,189.9,167.9,29.625,19.125,0.0,0.0,0.0,0.0,0.0,133.4,132.1,126.26,357.0,11226.0,6.0,1.0,1.0,4.0,288.0,65.0,27.0,173.0,6.8
2024-03-12,3.0145,3.2161,0.0,0.0,0.0,0.0,0.0,8.1,8.1,11.8,18.079,17.49,0.0,0.0,0.0,0.0,0.0,19.2,19.0,18.4,18.0,19.0,0.0,0.0,0.0,0.0,0.0,16.7,17.9,14.8,82.0,81.0,0.0,0.0,0.0,0.0,0.0,83.3,82.1,85.2,505.3,113.7,0.0,0.0,0.0,0.0,0.0,263.5,203.6,295.5,54.5,56.2499,0.0,0.0,0.0,0.0,0.0,155.2,154.0,217.12,427.125,12281.0,7.0,1.0,1.0,4.0,336.0,19.0,23.0,230.0,0.0
2024-03-13,3.618,3.0741,0.0,0.0,0.0,0.0,0.0,8.8,8.0,0.0,19.728,10.816,0.0,0.0,0.0,0.0,0.0,16.7,16.9,0.0,16.0,17.0,0.0,0.0,0.0,0.0,0.0,10.8,16.6,0.0,84.0,83.0,0.0,0.0,0.0,0.0,0.0,89.2,83.4,0.0,194.5,113.7,0.0,0.0,0.0,0.0,0.0,304.5,213.0,0.0,71.375,33.25,0.0,0.0,0.0,0.0,0.0,148.4,136.1,0.0,363.375,8005.0,7.0,0.0,1.0,4.0,216.0,0.0,34.0,145.0,1.3
2024-03-14,3.5303,3.5289,0.0,0.0,0.0,0.0,0.0,9.1,8.6,0.0,14.659,16.613,0.0,0.0,0.0,0.0,0.0,17.8,17.6,0.0,12.0,14.0,0.0,0.0,0.0,0.0,0.0,7.9,11.9,0.0,88.0,86.0,0.0,0.0,0.0,0.0,0.0,92.1,88.1,0.0,202.5,113.7,0.0,0.0,0.0,0.0,0.0,94.5,189.9,0.0,51.75,58.6251,0.0,0.0,0.0,0.0,0.0,162.4,152.6,0.0,181.05,9164.0,6.0,0.0,1.0,6.0,189.0,0.0,35.0,202.0,1.0
2024-03-15,3.7377,3.5167,0.0,0.0,0.0,0.0,0.0,9.2,8.7,0.0,16.454,15.071,0.0,0.0,0.0,0.0,0.0,19.5,19.3,0.0,9.0,15.0,0.0,0.0,0.0,0.0,0.0,7.7,10.9,0.0,91.0,85.0,0.0,0.0,0.0,0.0,0.0,92.3,89.1,0.0,202.5,113.7,0.0,0.0,0.0,0.0,0.0,217.4,232.1,0.0,61.5,53.0,0.0,0.0,0.0,0.0,0.0,181.1,168.5,0.0,484.5,11231.0,6.0,0.0,1.0,6.0,232.0,0.0,53.0,238.0,0.0
2024-03-16,3.4704,3.3978,0.0,0.0,0.0,0.0,0.0,9.0,8.5,9.902015023,21.251,20.712,0.0,0.0,0.0,0.0,0.0,18.3,19.3,7.249,19.0,13.0,0.0,0.0,0.0,0.0,0.0,9.3,15.0,17.35680751,81.0,87.0,0.0,0.0,0.0,0.0,0.0,90.7,85.0,82.64319249,202.5,113.7,0.0,0.0,0.0,0.0,0.0,294.4,278.4,241.5,73.75,70.3749,0.0,0.0,0.0,0.0,0.0,164.9,164.7,71.77970691,326.4,8853.0,5.0,0.0,1.0,6.0,149.0,0.0,39.0,209.0,62.9
2024-03-17,3.5312,1.5511,0.0,0.0,0.0,0.0,0.0,9.4,9.2,9.902015023,4.531,10.396,0.0,0.0,0.0,0.0,0.0,10.6,10.5,9.55,14.0,14.0,0.0,0.0,0.0,0.0,0.0,7.5,4.8,17.35680751,86.0,86.0,0.0,0.0,0.0,0.0,0.0,92.5,95.2,82.64319249,202.5,113.7,0.0,0.0,0.0,0.0,0.0,339.2,158.0,241.5,16.0001,16.1251,0.0,0.0,0.0,0.0,0.0,99.5,97.8,94.56424347,89.25,7490.0,5.0,0.0,1.0,6.0,141.0,0.0,26.0,175.0,26.9
2024-03-18,3.0655,9.2572,0.0,0.0,0.0,0.0,0.0,8.8,9.1,9.902015023,10.235,2.309,0.0,0.0,0.0,0.0,0.0,13.0,13.7,13.131,26.0,76.0,0.0,0.0,0.0,0.0,0.0,10.8,12.4,17.35680751,74.0,24.0,0.0,0.0,0.0,0.0,0.0,89.2,87.6,82.64319249,202.5,113.7,0.0,0.0,0.0,0.0,0.0,201.9,144.4,219.2,31.3749,21.3749,0.0,0.0,0.0,0.0,0.0,114.8,125.0,130.0233593,450.075,13256.0,8.0,1.0,1.0,5.0,276.0,34.0,62.0,250.0,0.7
2024-03-19,3.2353,3.3714,0.0,0.0,0.0,0.0,0.0,8.9,9.3,9.902015023,16.768,13.644,0.0,0.0,0.0,0.0,0.0,19.1,19.1,19.037,27.0,23.0,0.0,0.0,0.0,0.0,0.0,10.5,9.9,17.35680751,73.0,77.0,0.0,0.0,0.0,0.0,0.0,89.5,90.1,82.64319249,202.5,113.7,0.0,0.0,0.0,0.0,0.0,201.9,159.3,60.6,54.2501,46.0,0.0,0.0,0.0,0.0,0.0,170.7,178.9,188.50466,304.725,13086.0,7.0,1.0,1.0,6.0,328.0,32.0,54.0,224.0,0.0
2024-03-20,2.919,3.2791,0.0,0.0,0.0,0.0,0.0,8.6,9.5,9.902015023,14.774,22.148,0.0,0.0,0.0,0.0,0.0,18.8,18.8,18.495,29.0,22.0,0.0,0.0,0.0,0.0,0.0,11.7,8.0,17.35680751,71.0,78.0,0.0,0.0,0.0,0.0,0.0,88.3,92.0,82.64319249,202.5,113.7,0.0,0.0,0.0,0.0,0.0,255.3,189.9,247.7,43.125,72.6248,0.0,0.0,0.0,0.0,0.0,163.7,179.0,183.1377679,290.7,9506.0,9.0,1.0,1.0,6.0,254.0,36.0,41.0,141.0,0.5
2024-03-21,3.4905,3.075,0.0,0.0,0.0,0.0,0.0,7.9,9.1,9.902015023,16.76,13.821,0.0,0.0,0.0,0.0,0.0,17.5,16.9,14.092,21.0,18.0,0.0,0.0,0.0,0.0,0.0,17.1,12.4,17.35680751,79.0,82.0,0.0,0.0,0.0,0.0,0.0,82.9,87.6,82.64319249,202.5,113.7,0.0,0.0,0.0,0.0,0.0,201.9,163.3,269.5,58.5001,42.5,0.0,0.0,0.0,0.0,0.0,138.5,154.4,139.5391957,369.75,12226.0,8.0,1.0,1.0,4.0,350.0,3.0,58.0,202.0,0.0
2024-03-22,3.4777,3.6069,0.0,0.0,0.0,0.0,0.0,8.6,9.2,9.902015023,18.942,16.219,0.0,0.0,0.0,0.0,0.0,19.4,19.4,19.081,17.0,20.0,0.0,0.0,0.0,0.0,0.0,9.3,11.3,17.35680751,83.0,80.0,0.0,0.0,0.0,0.0,0.0,90.7,88.7,82.64319249,202.5,113.7,0.0,0.0,0.0,0.0,0.0,236.9,189.9,241.5,65.875,58.4998,0.0,0.0,0.0,0.0,0.0,168.8,178.9,188.9403487,427.125,13102.0,9.0,0.0,1.0,5.0,333.0,0.0,64.0,241.0,0.0
2024-03-27,3.9908,3.7745,0.0,0.0,0.0,0.0,0.0,8.9,9.3,9.902015023,13.124,18.181,0.0,0.0,0.0,0.0,0.0,18.8,19.1,15.35,26.0,21.0,0.0,0.0,0.0,0.0,0.0,9.6,6.8,17.35680751,74.0,79.0,0.0,0.0,0.0,0.0,0.0,90.4,93.2,82.64319249,202.5,113.7,0.0,0.0,0.0,0.0,0.0,401.7,380.3,241.5,52.375,68.625,0.0,0.0,0.0,0.0,0.0,168.4,178.8,151.9959306,464.1,14043.0,8.0,0.0,1.0,5.0,334.0,0.0,60.0,279.0,0.0
2024-03-28,3.0835,4.5797,0.0,0.0,0.0,0.0,0.0,8.7,9.0,9.902015023,13.945,14.821,0.0,0.0,0.0,0.0,0.0,19.2,19.3,19.221,23.0,24.0,0.0,0.0,0.0,0.0,0.0,10.9,11.4,17.35680751,77.0,76.0,0.0,0.0,0.0,0.0,0.0,89.1,88.6,82.64319249,202.5,113.7,0.0,0.0,0.0,0.0,0.0,206.7,159.9,221.8,43.0001,67.875,0.0,0.0,0.0,0.0,0.0,166.8,174.8,190.3266308,545.7,13643.0,7.0,0.0,1.0,5.0,366.0,0.0,68.0,239.0,0.0
2024-03-29,3.4407,0.0,0.0,0.0,0.0,0.0,0.0,8.5,9.5,9.902015023,13.878,0.0,0.0,0.0,0.0,0.0,0.0,19.1,19.1,19.297,14.0,0.0,0.0,0.0,0.0,0.0,0.0,10.5,7.3,17.35680751,86.0,0.0,0.0,0.0,0.0,0.0,0.0,89.5,92.7,82.64319249,202.5,0.0,0.0,0.0,0.0,0.0,0.0,201.1,235.2,320.6,47.7499,0.0,0.0,0.0,0.0,0.0,0.0,162.7,181.8,191.0791839,410.55,13161.0,8.0,0.0,1.0,5.0,376.0,0.0,60.0,223.0,0.0
2024-03-30,3.5008,0.0,0.0,0.0,0.0,0.0,0.0,8.7,9.5,9.902015023,17.032,0.0,0.0,0.0,0.0,0.0,0.0,19.0,19.1,19.193,18.0,0.0,0.0,0.0,0.0,0.0,0.0,9.5,7.9,17.35680751,82.0,0.0,0.0,0.0,0.0,0.0,0.0,90.5,92.1,82.64319249,167.3,0.0,0.0,0.0,0.0,0.0,0.0,245.3,228.2,289.1,59.6249,0.0,0.0,0.0,0.0,0.0,0.0,166.7,182.1,190.0493743,75.225,13716.0,8.0,0.0,1.0,5.0,391.0,0.0,57.0,238.0,0.0
2024-03-31,3.4477,0.0,0.0,0.0,0.0,0.0,0.0,8.2,9.3,9.902015023,11.167,0.0,0.0,0.0,0.0,0.0,0.0,13.0,14.2,13.953,17.0,0.0,0.0,0.0,0.0,0.0,0.0,12.3,12.0,17.35680751,83.0,0.0,0.0,0.0,0.0,0.0,0.0,87.7,88.0,82.64319249,202.5,0.0,0.0,0.0,0.0,0.0,0.0,203.7,138.8,331.7,38.4999,0.0,0.0,0.0,0.0,0.0,0.0,107.7,132.2,138.1628156,112.2,6842.0,6.0,0.0,1.0,4.0,185.0,0.0,32.0,121.0,0.2
2024-04-01,3.3249,0.0,0.0,0.0,0.0,0.0,0.0,8.8,9.0,9.902015023,14.286,0.0,0.0,0.0,0.0,0.0,0.0,14.3,13.3,14.271,18.0,0.0,0.0,0.0,0.0,0.0,0.0,9.1,11.3,17.35680751,82.0,0.0,0.0,0.0,0.0,0.0,0.0,90.9,88.7,82.64319249,202.5,0.0,0.0,0.0,0.0,0.0,0.0,225.0,189.9,225.6,47.5,0.0,0.0,0.0,0.0,0.0,0.0,126.1,120.4,141.3116564,294.525,11442.0,7.0,0.0,1.0,5.0,248.0,0.0,54.0,236.0,0.0
2024-04-02,3.2659,3.209309957,0.0,0.0,0.0,0.0,0.0,8.7,9.0,9.902015023,11.291,1.288,0.0,0.0,0.0,0.0,0.0,19.1,16.8,18.888,17.0,21.91341991,0.0,0.0,0.0,0.0,0.0,11.0,8.9,17.35680751,83.0,78.08658009,0.0,0.0,0.0,0.0,0.0,89.0,91.1,82.64319249,202.5,113.7,0.0,0.0,0.0,0.0,0.0,183.1,151.6,257.1,36.875,4.133591224,0.0,0.0,0.0,0.0,0.0,167.6,151.8,187.0292598,410.55,12355.0,8.0,0.0,1.0,5.0,318.0,0.0,55.0,230.0,0.0
2024-04-04,2.6769,2.7101,0.0,0.0,0.0,0.0,0.0,8.2,8.1,9.902015023,8.125,19.28,0.0,0.0,0.0,0.0,0.0,16.5,16.1,16.344,16.0,18.0,0.0,0.0,0.0,0.0,0.0,14.5,17.4,17.35680751,84.0,82.0,0.0,0.0,0.0,0.0,0.0,85.5,82.6,82.64319249,204.2,113.7,0.0,0.0,0.0,0.0,0.0,190.2,31.7,313.6,21.7501,52.2501,0.0,0.0,0.0,0.0,0.0,136.4,130.5,161.8385335,198.9,9906.0,8.0,0.0,0.0,5.0,277.0,0.0,0.0,213.0,39.1
2024-04-05,3.2553,3.8555,0.0,0.0,0.0,0.0,0.0,8.6,8.9,9.902015023,17.51,13.163,0.0,0.0,0.0,0.0,0.0,18.6,18.6,18.599,32.0,41.0,0.0,0.0,0.0,0.0,0.0,11.8,10.8,17.35680751,68.0,59.0,0.0,0.0,0.0,0.0,0.0,88.2,89.2,82.64319249,202.5,113.7,0.0,0.0,0.0,0.0,0.0,328.8,157.8,241.5,56.9999,50.7501,0.0,0.0,0.0,0.0,0.0,161.7,165.4,184.1675774,357.0,11202.0,9.0,0.0,0.0,5.0,340.0,0.0,0.0,226.0,0.0
2024-04-07,3.3621,1.7688,0.0,0.0,0.0,0.0,0.0,7.4,9.3,14.3591,15.764,0.848,0.0,0.0,0.0,0.0,0.0,13.9,13.8,10.751,18.0,59.0,0.0,0.0,0.0,0.0,0.0,23.7,9.4,15.0,82.0,41.0,0.0,0.0,0.0,0.0,0.0,76.3,90.6,85.0,202.5,113.7,0.0,0.0,0.0,0.0,0.0,240.8,172.0,189.1,53.0,1.5,0.0,0.0,0.0,0.0,0.0,104.3,129.1,154.375,220.575,4335.0,4.0,0.0,0.0,5.0,82.0,0.0,0.0,115.0,0.0
2024-04-08,3.0708,0.0,0.0,0.0,0.0,0.0,0.0,8.7,9.2,7.5248,12.904,0.0,0.0,0.0,0.0,0.0,0.0,14.0,14.2,13.605,21.0,0.0,0.0,0.0,0.0,0.0,0.0,10.7,9.2,10.0,79.0,0.0,0.0,0.0,0.0,0.0,0.0,89.3,90.8,90.0,202.5,0.0,0.0,0.0,0.0,0.0,0.0,83.9,88.6,241.5,39.625,0.0,0.0,0.0,0.0,0.0,0.0,122.5,132.7,102.3748,360.825,10623.0,6.0,0.0,1.0,5.0,228.0,0.0,30.0,239.0,0.0
2024-04-09,3.3368,0.0,0.0,0.0,0.0,0.0,0.0,8.3,9.4,10.4915,14.123,0.0,0.0,0.0,0.0,0.0,0.0,19.0,19.2,19.206,17.0,0.0,0.0,0.0,0.0,0.0,0.0,12.1,6.8,11.0,83.0,0.0,0.0,0.0,0.0,0.0,0.0,87.9,93.2,89.0,202.5,0.0,0.0,0.0,0.0,0.0,0.0,138.0,212.9,296.5,47.1251,0.0,0.0,0.0,0.0,0.0,0.0,158.9,182.0,201.4998,242.25,10972.0,7.0,0.0,1.0,5.0,247.0,0.0,52.0,221.0,0.0
2024-04-10,3.2749,0.0,0.0,0.0,0.0,0.0,0.0,8.1,9.3,10.5186,14.199,0.0,0.0,0.0,0.0,0.0,0.0,18.1,19.1,19.727,22.0,0.0,0.0,0.0,0.0,0.0,0.0,12.7,7.9,9.0,78.0,0.0,0.0,0.0,0.0,0.0,0.0,87.3,92.1,91.0,202.5,0.0,0.0,0.0,0.0,0.0,0.0,201.9,189.9,273.0,46.5001,0.0,0.0,0.0,0.0,0.0,0.0,146.8,178.1,207.5,210.375,11726.0,9.0,0.0,1.0,5.0,279.0,0.0,50.0,233.0,0.0
2024-04-12,3.3245,0.0,0.0,0.0,0.0,0.0,0.0,9.0,9.4,10.9625,18.687,0.0,0.0,0.0,0.0,0.0,0.0,19.2,19.3,18.837,13.0,0.0,0.0,0.0,0.0,0.0,0.0,6.2,4.7,8.0,87.0,0.0,0.0,0.0,0.0,0.0,0.0,93.8,95.3,92.0,202.5,0.0,0.0,0.0,0.0,0.0,0.0,201.9,189.9,309.2,62.1251,0.0,0.0,0.0,0.0,0.0,0.0,174.3,181.0,206.4998,275.4,12378.0,9.0,0.0,1.0,6.0,242.0,0.0,54.0,274.0,0.0
2024-04-15,2.8855,4.2318,0.0,0.0,0.0,6.8907,0.0,9.4,0.0,8.8284,9.877,9.216,0.0,0.0,0.0,6.077,0.0,9.2,0.0,3.568,29.0,15.0,0.0,0.0,0.0,30.0,0.0,4.3,0.0,31.0,71.0,85.0,0.0,0.0,0.0,70.0,0.0,95.7,0.0,69.0,202.5,113.7,0.0,0.0,0.0,411.7,0.0,201.9,0.0,241.5,28.4999,39.0,0.0,0.0,0.0,41.875,0.0,87.5,0.0,31.4999,267.75,4495.0,6.0,0.0,1.0,5.0,56.0,0.0,22.0,115.0,6.0
2024-04-16,4.0843,3.693,0.0,0.0,0.0,3.4028,0.0,8.9,2.7,10.9151,9.212,9.308,0.0,0.0,0.0,1.102,0.0,9.5,0.4,9.299,13.0,21.0,0.0,0.0,0.0,45.0,0.0,8.4,50.0,11.0,87.0,79.0,0.0,0.0,0.0,55.0,0.0,91.6,50.0,89.0,205.2,113.7,0.0,0.0,0.0,272.7,0.0,177.6,189.9,288.9,37.625,34.3749,0.0,0.0,0.0,3.7499,0.0,84.7,1.5,101.4999,112.2,5630.0,4.0,0.0,1.0,4.0,120.0,0.0,29.0,115.0,0.5
2024-04-19,3.3209,3.6393,0.0,0.0,0.0,1.7513,0.0,8.7,9.6,9.1221,9.109,8.896,0.0,0.0,0.0,5.496,0.0,9.6,9.4,7.194,21.0,15.0,0.0,0.0,0.0,82.0,0.0,6.2,5.3,28.0,79.0,85.0,0.0,0.0,0.0,18.0,0.0,93.8,94.7,72.0,202.5,113.7,0.0,0.0,0.0,206.4,0.0,193.1,192.4,241.5,30.2501,32.3751,0.0,0.0,0.0,9.6251,0.0,85.1,91.6,65.6248,232.05,5692.0,9.0,0.0,1.0,4.0,183.0,0.0,25.0,86.0,3.3
2024-04-22,3.1837,3.7512,0.0,0.0,0.0,3.6652,0.0,9.3,9.1,0.0,6.596,7.131,0.0,0.0,0.0,2.933,0.0,6.8,7.5,0.0,25.0,19.0,0.0,0.0,0.0,58.0,0.0,5.9,10.7,0.0,75.0,81.0,0.0,0.0,0.0,42.0,0.0,94.1,89.3,0.0,150.0,101.2,0.0,0.0,0.0,206.4,0.0,183.9,233.6,0.0,21.0001,26.7501,0.0,0.0,0.0,10.75,0.0,64.4,69.1,0.0,89.25,3162.0,7.0,1.0,1.0,4.0,76.0,13.0,9.0,55.0,5.8
2024-04-25,3.0727,1.7804,0.0,0.0,0.0,8.3491,0.0,11.8,9.0,0.0,8.299,1.685,0.0,0.0,0.0,9.507,0.0,7.3,9.7,0.0,26.0,56.0,0.0,0.0,0.0,8.0,0.0,14.5,10.3,0.0,74.0,44.0,0.0,0.0,0.0,92.0,0.0,85.5,89.7,0.0,202.5,113.7,0.0,0.0,0.0,175.2,0.0,233.7,117.4,0.0,25.5,2.9999,0.0,0.0,0.0,79.375,0.0,86.14,88.9,0.0,267.75,6004.0,7.0,1.0,1.0,4.0,130.0,34.0,28.0,94.0,1.7
2024-04-26,3.1292,4.0031,0.0,0.0,0.0,8.6027,0.0,9.4,9.1,9.902015023,8.868,3.872,0.0,0.0,0.0,9.561,0.0,9.3,9.4,7.666,28.0,19.0,0.0,0.0,0.0,9.0,0.0,3.2,9.6,17.35680751,72.0,81.0,0.0,0.0,0.0,91.0,0.0,96.8,90.4,82.64319249,202.5,113.7,0.0,0.0,0.0,354.8,0.0,197.7,138.1,300.3,27.7499,15.5,0.0,0.0,0.0,82.25,0.0,88.7,86.4,75.90884717,210.375,8466.0,9.0,2.0,1.0,4.0,217.0,41.0,33.0,126.0,14.4
2024-04-27,3.0135,3.5487,0.0,0.0,0.0,7.9799,0.0,8.6,8.3,10.2772,8.296,9.264,0.0,0.0,0.0,9.054,0.0,9.2,7.5,8.368,33.0,18.0,0.0,0.0,0.0,14.0,0.0,8.7,17.3,19.0,67.0,82.0,0.0,0.0,0.0,86.0,0.0,91.3,82.7,81.0,148.4,113.7,0.0,0.0,0.0,117.2,0.0,90.3,188.6,240.9,24.9999,32.8749,0.0,0.0,0.0,72.25,0.0,79.8,63.2,85.9999,237.15,6683.0,6.0,2.0,1.0,4.0,162.0,34.0,23.0,106.0,0.7
2024-04-28,3.3645,3.8318,0.0,0.0,0.0,8.8259,0.0,8.7,9.1,11.1786,9.251,8.286,0.0,0.0,0.0,6.784,0.0,9.5,9.6,9.46,22.0,19.0,0.0,0.0,0.0,8.0,0.0,9.5,11.5,8.0,78.0,81.0,0.0,0.0,0.0,92.0,0.0,90.5,88.5,92.0,202.5,113.7,0.0,0.0,0.0,206.4,0.0,201.9,186.6,146.1,31.125,31.75,0.0,0.0,0.0,59.8748,0.0,84.0,88.2,105.7499,153.0,7494.0,6.0,3.0,1.0,4.0,131.0,83.0,27.0,106.0,1.2
2024-05-01,3.3878,3.209309957,0.0,0.0,0.0,8.1148,0.0,9.0,9.0,11.2263,8.929,4.829,0.0,0.0,0.0,9.381,0.0,8.3,9.4,9.431,17.0,21.91341991,0.0,0.0,0.0,11.0,0.0,7.2,9.6,8.0,83.0,78.08658009,0.0,0.0,0.0,89.0,0.0,92.8,90.4,92.0,202.5,113.7,0.0,0.0,0.0,206.4,0.0,238.1,186.0,301.8,30.2501,15.49775778,0.0,0.0,0.0,76.1249,0.0,75.4,85.3,105.8749,198.9,8946.0,10.0,3.0,0.0,3.0,309.0,84.0,0.0,85.0,0.0
2024-05-03,3.3516,4.0131,0.0,0.0,0.0,8.9917,0.0,9.4,9.3,10.8579,8.466,0.841,0.0,0.0,0.0,9.328,0.0,9.4,0.8,9.348,25.0,24.0,0.0,0.0,0.0,7.0,0.0,4.3,0.0,10.0,75.0,76.0,0.0,0.0,0.0,93.0,0.0,95.7,100.0,90.0,154.6,113.7,0.0,0.0,0.0,151.6,0.0,178.7,150.3,303.3,28.375,3.3751,0.0,0.0,0.0,83.8749,0.0,88.1,8.7,101.4999,229.5,8631.0,10.0,3.0,0.0,4.0,235.0,80.0,0.0,118.0,0.0
2024-05-07,3.9528,3.898,0.0,0.0,0.0,8.1278,0.0,9.1,0.0,11.1653,9.234,6.189,0.0,0.0,0.0,8.597,0.0,9.4,0.0,9.281,6.0,17.0,0.0,0.0,0.0,12.0,0.0,6.4,0.0,6.0,94.0,83.0,0.0,0.0,0.0,88.0,0.0,93.6,0.0,94.0,202.5,113.7,0.0,0.0,0.0,269.7,0.0,201.9,0.0,241.5,36.5001,24.125,0.0,0.0,0.0,69.8751,0.0,86.7,0.0,103.6249,181.05,7008.0,7.0,3.0,0.0,3.0,156.0,91.0,0.0,92.0,3.5
2024-05-08,3.3487,1.5088,0.0,0.0,8.5,8.0546,0.0,8.8,3.2,10.5459,8.996,2.734,0.0,0.0,7.1,8.939,0.0,8.5,0.2,13.133,19.0,71.0,0.0,0.0,11.5,11.0,0.0,8.2,50.0,8.0,81.0,29.0,0.0,0.0,88.5,89.0,0.0,91.8,50.0,92.0,202.5,113.7,0.0,0.0,228.3,239.5,0.0,201.9,189.9,332.7,30.1249,4.125,0.0,0.0,60.35,72.0001,0.0,75.7,0.8,138.4998,149.17499999999998,7029.0,8.0,3.0,0.0,4.0,193.0,71.0,0.0,90.0,39.3
2024-05-09,3.5279,2.9667,0.0,0.0,8.5,8.1171,0.0,7.1,0.0,10.0893,8.043,4.382,0.0,0.0,5.6,6.668,0.0,6.7,0.0,7.892,17.0,26.0,0.0,0.0,11.5,12.0,0.0,23.9,0.0,14.0,83.0,74.0,0.0,0.0,88.5,88.0,0.0,76.1,0.0,86.0,202.5,113.7,0.0,0.0,239.7,279.3,0.0,201.9,0.0,272.8,28.375,12.9999,0.0,0.0,47.6,54.1249,0.0,48.0,0.0,79.6249,68.85,4845.0,9.0,3.0,0.0,3.0,166.0,43.0,0.0,49.0,19.3
2024-05-10,3.3102,3.4668,0.0,0.0,8.2,7.9292,0.0,8.2,0.0,10.4559,9.025,7.067,0.0,0.0,9.7,8.702,0.0,9.0,0.0,9.026,20.0,14.0,0.0,0.0,21.6,18.0,0.0,13.3,0.0,10.0,80.0,86.0,0.0,0.0,78.4,82.0,0.0,86.7,0.0,90.0,202.5,113.7,0.0,0.0,211.4,234.8,0.0,201.9,0.0,241.5,29.8749,24.5001,0.0,0.0,80.0,68.9999,0.0,75.2,0.0,94.3749,95.625,6142.5,9.0,3.0,0.0,3.0,208.5,39.0,0.0,77.0,0.5
2024-05-11,3.5137,2.8842,0.0,0.0,8.8,8.3269,0.0,8.1,0.0,10.499,9.285,7.541,0.0,0.0,9.5,7.731,0.0,10.8,0.0,9.489,18.0,15.0,0.0,0.0,17.9,10.0,0.0,13.0,0.0,8.0,82.0,85.0,0.0,0.0,82.1,90.0,0.0,87.0,0.0,92.0,202.5,113.7,0.0,0.0,211.4,124.6,0.0,201.9,0.0,241.5,32.625,21.7501,0.0,0.0,84.5,64.375,0.0,88.1,0.0,99.6251,70.125,6951.0,7.0,2.0,0.0,2.0,245.0,60.0,0.0,68.0,0.2
2024-05-13,3.272,0.0,0.0,0.0,10.1,8.1173,0.0,8.7,0.0,11.161,8.825,0.0,0.0,0.0,9.8,7.946,0.0,9.5,0.0,8.635,21.0,0.0,0.0,0.0,6.1,16.0,0.0,9.5,0.0,10.0,79.0,0.0,0.0,0.0,93.9,84.0,0.0,90.5,0.0,90.0,202.5,0.0,0.0,0.0,211.4,185.7,0.0,201.9,0.0,241.5,28.8751,0.0,0.0,0.0,100.7,64.5,0.0,83.0,0.0,96.375,118.575,8230.0,9.0,3.0,1.0,3.0,232.0,72.0,28.0,86.0,0.0
2024-05-14,3.5785,0.0,0.0,0.0,9.9,8.0587,0.0,8.6,0.0,10.3563,9.082,0.0,0.0,0.0,9.5,9.71,0.0,9.4,0.0,10.018,14.0,0.0,0.0,0.0,7.4,14.0,0.0,10.6,0.0,12.0,86.0,0.0,0.0,0.0,92.6,86.0,0.0,89.4,0.0,88.0,202.5,0.0,0.0,0.0,211.4,277.6,0.0,201.9,0.0,241.5,32.5,0.0,0.0,0.0,95.0,78.2499,0.0,81.4,0.0,103.7499,249.9,8976.0,10.0,2.0,1.0,3.0,283.0,59.0,30.0,95.0,19.0
2024-05-17,3.4685,0.0,0.0,0.0,10.2,9.0239,0.0,0.0,0.0,11.6049,9.262,0.0,0.0,0.0,9.6,9.364,0.0,0.0,0.0,9.091,21.0,0.0,0.0,0.0,5.2,5.0,0.0,0.0,0.0,6.0,79.0,0.0,0.0,0.0,94.8,95.0,0.0,0.0,0.0,94.0,202.5,0.0,0.0,0.0,211.4,242.9,0.0,0.0,0.0,241.5,32.1249,0.0,0.0,0.0,99.1,84.4999,0.0,0.0,0.0,105.5,221.85,7124.0,7.0,2.0,1.0,3.0,154.0,59.0,29.0,99.0,1.2
2024-05-18,3.2537,0.0,0.0,0.0,10.0,8.3609,0.0,7.1,0.0,11.0445,9.374,0.0,0.0,0.0,9.4,10.271,0.0,1.9,0.0,8.794,18.0,0.0,0.0,0.0,6.4,10.0,0.0,15.8,0.0,11.0,82.0,0.0,0.0,0.0,93.6,90.0,0.0,84.2,0.0,89.0,202.5,0.0,0.0,0.0,182.4,218.8,0.0,201.9,0.0,367.4,30.5,0.0,0.0,0.0,95.9,85.8749,0.0,14.3,0.0,97.1249,149.175,6473.0,7.0,2.0,1.0,3.0,124.0,52.0,32.0,95.0,0.0
2024-05-25,3.2297,0.0,0.0,0.0,10.0,7.528,0.0,0.0,8.1,10.8641,8.863,0.0,0.0,0.0,9.2,6.26,0.0,0.0,4.3,8.94,24.0,0.0,0.0,0.0,7.6,19.0,0.0,0.0,4.7,11.0,76.0,0.0,0.0,0.0,92.4,81.0,0.0,0.0,95.3,89.0,202.5,0.0,0.0,0.0,260.5,206.4,0.0,0.0,189.9,167.9,28.6249,0.0,0.0,0.0,92.7,47.1251,0.0,0.0,36.1,97.1249,459.0,4800.0,6.0,2.0,1.0,3.0,60.0,52.0,24.0,76.0,10.6
2024-05-26,3.2371,0.0,0.0,0.0,10.0,7.913,0.0,0.0,1.9,10.9614,6.024,0.0,0.0,0.0,9.0,9.715,0.0,0.0,1.3,8.815,13.0,0.0,0.0,0.0,5.6,13.0,0.0,0.0,69.2,8.0,87.0,0.0,0.0,0.0,94.4,87.0,0.0,0.0,30.8,92.0,202.5,0.0,0.0,0.0,312.0,206.4,0.0,0.0,189.9,358.2,19.5001,0.0,0.0,0.0,91.6,76.8748,0.0,0.0,2.6,96.6249,405.45,5933.0,5.0,2.0,1.0,3.0,122.0,57.0,23.0,80.0,3.3
2024-05-31,3.3746,0.0,0.0,0.0,9.6,6.4167,0.0,0.0,0.0,10.8589,8.89,0.0,0.0,0.0,8.6,10.013,0.0,0.0,0.0,8.691,21.0,0.0,0.0,0.0,8.1,35.0,0.0,0.0,0.0,10.0,79.0,0.0,0.0,0.0,91.9,65.0,0.0,0.0,0.0,90.0,202.5,0.0,0.0,0.0,101.6,185.7,0.0,0.0,0.0,180.8,29.9999,0.0,0.0,0.0,83.1,64.2501,0.0,0.0,0.0,94.3749,293.25,5445.0,8.0,2.0,1.0,2.0,115.0,63.0,30.0,54.0,4.3
2024-06-18,3.3635,0.0,0.0,0.0,0.0,8.7249,0.0,8.5,8.2,0.0,9.328,0.0,0.0,0.0,0.0,9.599,0.0,9.6,9.8,0.0,11.0,0.0,0.0,0.0,0.0,9.0,0.0,7.3,11.2,0.0,89.0,0.0,0.0,0.0,0.0,91.0,0.0,92.7,88.8,0.0,134.9,0.0,0.0,0.0,0.0,250.1,0.0,237.6,189.9,0.0,31.3749,0.0,0.0,0.0,0.0,83.7499,0.0,82.2,81.3,0.0,196.35,4325.0,5.0,1.0,1.0,1.0,141.0,5.0,35.0,45.0,32.5
2024-06-20,3.3301,0.0,0.0,0.0,8.6,9.0322,0.0,6.8,7.9,11.0185,9.234,0.0,0.0,0.0,10.0,9.217,0.0,6.2,9.4,9.053,19.0,0.0,0.0,0.0,15.0,8.0,0.0,14.5,16.0,9.0,81.0,0.0,0.0,0.0,85.0,92.0,0.0,85.5,84.0,91.0,202.5,0.0,0.0,0.0,146.3,247.5,0.0,201.9,189.9,199.2,30.7499,0.0,0.0,0.0,87.0,83.2498,0.0,43.0,75.4,99.75,242.25,4867.0,5.0,1.0,1.0,1.0,150.0,34.0,31.0,38.0,1.2
2024-07-02,2.5029,3.5154,0.0,0.0,7.4,7.626,0.0,8.0,7.1,9.6169,8.74,9.814,0.0,0.0,9.4,8.966,0.0,9.1,8.3,6.304,43.0,15.0,0.0,0.0,28.7,19.0,0.0,13.2,19.3,22.0,57.0,85.0,0.0,0.0,71.3,81.0,0.0,86.8,80.7,78.0,202.5,113.7,0.0,0.0,149.6,206.4,0.0,201.9,189.9,252.6,21.875,34.5001,0.0,0.0,70.7,68.3748,0.0,73.8,59.3,60.6251,149.175,5559.0,8.0,1.0,1.0,1.0,208.0,27.0,36.0,33.0,9.1
2024-07-06,2.788,4.1735,0.0,0.0,9.7,7.7705,0.0,9.0,7.8,10.7123,9.236,8.506,0.0,0.0,9.1,9.121,0.0,8.5,6.1,9.16,30.0,11.0,0.0,0.0,6.6,14.0,0.0,7.1,13.1,10.0,70.0,89.0,0.0,0.0,93.4,86.0,0.0,92.9,86.9,90.0,202.5,113.7,0.0,0.0,193.4,206.4,0.0,201.9,189.9,317.8,25.7499,35.5,0.0,0.0,88.7,70.875,0.0,76.6,47.9,98.1248,156.825,6938.0,10.0,1.0,1.0,1.0,312.0,29.0,29.0,31.0,0.0
2024-08-01,3.5753,0.0,0.0,0.0,9.4,7.1329,0.0,7.3,8.8,10.7667,9.335,0.0,0.0,0.0,6.9,7.518,0.0,6.9,9.1,9.404,12.0,0.0,0.0,0.0,5.8,16.0,0.0,20.3,9.9,5.0,88.0,0.0,0.0,0.0,94.2,84.0,0.0,79.7,90.1,95.0,202.5,0.0,0.0,0.0,211.4,206.4,0.0,201.9,189.9,229.9,33.375,0.0,0.0,0.0,66.4,53.6251,0.0,51.1,80.2,101.25,265.2,4912.0,7.0,1.0,1.0,1.0,133.0,38.0,37.0,40.0,2.0
2024-08-02,3.2781,0.0,0.0,0.0,9.0,8.2468,0.0,5.9,8.7,10.9206,9.228,0.0,0.0,0.0,6.7,9.246,0.0,7.9,9.3,8.951,18.0,0.0,0.0,0.0,11.9,14.0,0.0,34.2,10.8,8.0,82.0,0.0,0.0,0.0,88.1,86.0,0.0,65.8,89.2,92.0,202.5,0.0,0.0,0.0,211.4,171.1,0.0,201.9,215.7,126.1,30.2501,0.0,0.0,0.0,61.5,76.2501,0.0,47.5,82.2,97.75,261.375,5125.0,6.0,1.0,1.0,2.0,130.0,42.0,37.0,46.0,6.0
2024-08-03,3.847,0.0,0.0,0.0,9.4,9.0481,7.85242129,6.2,9.2,0.0,9.358,0.0,0.0,0.0,6.7,10.085,1.478,8.0,9.5,0.0,15.0,0.0,0.0,0.0,4.5,5.0,20.82580645,35.0,8.4,0.0,85.0,0.0,0.0,0.0,95.5,95.0,79.17419355,65.0,91.6,0.0,202.5,0.0,0.0,0.0,211.4,173.3,240.8,201.9,251.5,0.0,36.0,0.0,0.0,0.0,63.7,91.25,11.60587867,50.2,88.3,0.0,238.425,5321.0,6.0,1.0,1.0,2.0,103.0,39.0,38.0,70.0,0.0
2024-08-04,3.3365,0.0,0.0,0.0,10.1,8.6827,1.6379,6.8,9.1,0.0,9.441,0.0,0.0,0.0,6.3,9.516,1.679,8.0,10.3,0.0,16.0,0.0,0.0,0.0,3.2,7.0,77.0,27.5,8.7,0.0,84.0,0.0,0.0,0.0,96.8,93.0,23.0,72.5,91.3,0.0,202.5,0.0,0.0,0.0,211.4,140.2,240.8,201.9,274.3,0.0,31.4999,0.0,0.0,0.0,64.3,82.6248,2.75,55.2,95.2,0.0,96.9,5756.0,6.0,1.0,1.0,2.0,160.0,30.0,32.0,68.0,0.0
2024-08-05,3.8511,9.7,0.0,0.0,9.3,8.7384,1.5897,5.5,8.4,0.0,9.348,7.6,0.0,0.0,6.7,9.341,4.482,7.7,8.2,0.0,13.0,23.7,0.0,0.0,7.5,7.0,81.0,45.5,8.5,0.0,87.0,76.3,0.0,0.0,92.5,93.0,19.0,54.5,91.5,0.0,202.5,137.5,0.0,0.0,211.4,150.8,240.8,201.9,216.3,0.0,36.0,73.72,0.0,0.0,63.2,81.6249,7.125,42.5,69.9,0.0,183.6,3847.0,6.0,2.0,1.0,2.0,115.0,29.0,16.0,38.0,3.3
2024-08-10,3.0024,3.3187,0.0,0.0,10.5,9.1502,8.6246,6.8,7.9,0.0,5.121,7.194,0.0,0.0,7.4,7.896,5.58,6.6,8.1,0.0,26.0,15.0,0.0,0.0,4.1,6.0,18.0,30.3,17.3,0.0,74.0,85.0,0.0,0.0,95.9,94.0,82.0,69.7,82.7,0.0,202.5,113.7,0.0,0.0,241.4,122.3,218.2,201.9,189.9,0.0,15.3751,23.8751,0.0,0.0,78.9,72.25,48.125,46.2,64.1,0.0,116.025,4591.5,7.0,1.0,1.0,2.0,144.0,24.0,24.0,46.5,35.8
2024-08-11,3.687,3.09,0.0,0.0,10.1,9.0631,5.0253,5.8,7.1,0.0,8.035,9.021,0.0,0.0,9.0,9.158,3.955,3.5,1.6,0.0,16.0,20.0,0.0,0.0,5.6,6.0,52.0,37.1,18.7,0.0,84.0,80.0,0.0,0.0,94.4,94.0,48.0,62.9,81.2,0.0,202.5,113.7,0.0,0.0,359.1,206.4,240.8,201.9,189.9,0.0,29.625,27.8749,0.0,0.0,92.8,82.9999,19.875,20.9,12.0,0.0,200.175,4401.0,6.0,1.0,1.0,2.0,105.0,30.0,27.0,53.0,3.5
2024-08-13,3.6908,3.1048,0.0,0.0,7.3,9.3682,9.2828,6.2,6.9,3.0821,9.212,9.139,0.0,0.0,6.7,9.607,10.234,7.6,2.8,1.46,13.0,18.0,0.0,0.0,25.4,5.0,13.0,35.5,17.9,75.0,87.0,82.0,0.0,0.0,74.6,95.0,87.0,64.5,82.1,25.0,202.5,113.7,0.0,0.0,211.4,191.5,382.3,201.9,189.9,241.5,34.0,28.375,0.0,0.0,49.6,90.0,94.9999,47.6,19.8,4.4999,381.225,6367.0,9.0,2.0,1.0,2.0,209.0,56.0,28.0,44.0,0.3
2024-08-17,3.6222,3.0297,0.0,0.0,7.2,6.6787,10.4755,6.6,8.3,10.8277,9.214,9.118,0.0,0.0,8.3,1.385,9.391,8.5,2.4,9.351,9.0,22.0,0.0,0.0,24.1,14.0,5.0,29.4,8.3,8.0,91.0,78.0,0.0,0.0,75.9,86.0,95.0,70.6,91.7,92.0,202.5,113.7,0.0,0.0,211.4,206.4,304.1,201.9,189.9,241.5,33.375,27.625,0.0,0.0,60.9,9.25,98.375,56.3,20.3,101.25,291.55,6029.0,7.0,2.0,1.0,2.0,141.0,62.0,29.0,63.0,0.0
2024-08-25,3.506,4.0971,0.0,0.0,0.0,8.7312,0.0,9.0,5.4,10.7251,9.341,9.763,0.0,0.0,0.0,9.363,0.0,8.4,8.7,8.881,16.0,25.0,0.0,0.0,0.0,8.0,0.0,11.9,34.5,11.0,84.0,75.0,0.0,0.0,0.0,92.0,0.0,88.1,65.5,89.0,202.5,113.7,0.0,0.0,0.0,119.7,0.0,201.9,189.9,208.7,32.7499,39.9999,0.0,0.0,0.0,81.7499,0.0,76.1,47.0,95.2499,203.15,4667.0,8.0,1.0,1.0,3.0,103.0,29.0,29.0,63.0,0.5
2024-08-27,3.191,3.159,0.0,0.0,0.0,6.9895,9.349,6.8,6.5,10.0585,9.284,9.101,0.0,0.0,0.0,8.173,9.279,8.7,8.1,9.308,28.0,22.0,0.0,0.0,0.0,18.0,11.0,25.3,22.2,15.0,72.0,78.0,0.0,0.0,0.0,82.0,89.0,74.7,77.8,85.0,202.5,113.7,0.0,0.0,0.0,107.8,157.4,201.9,189.9,194.1,29.625,28.7501,0.0,0.0,0.0,57.1251,86.7499,59.8,52.8,93.6249,167.11,5891.0,5.0,2.0,1.0,3.0,113.0,72.0,35.0,59.0,1.7
2024-08-29,2.855,3.148,0.0,0.0,8.5,8.1063,8.9334,7.7,7.9,9.9426,9.107,9.252,0.0,0.0,9.0,6.461,9.333,8.2,7.8,9.316,35.0,21.0,0.0,0.0,13.3,9.0,13.0,17.1,11.5,13.0,65.0,79.0,0.0,0.0,86.7,91.0,87.0,82.9,88.5,87.0,334.9,79.7,0.0,0.0,211.4,157.5,147.1,201.9,189.9,200.6,26.0001,29.125,0.0,0.0,78.1,52.375,83.3751,63.7,62.9,92.625,372.861,5470.0,7.0,2.0,1.0,3.0,100.0,43.0,16.0,94.0,0.2
2024-10-17,0.0,2.6695,0.0,0.0,9.6,0.0,7.847,1.2,7.3,11.8167,0.0,11.472,0.0,0.0,12.2,0.0,12.441,1.0,8.5,18.861,0.0,28.0,0.0,0.0,6.6,0.0,12.0,70.0,23.5,14.0,0.0,72.0,0.0,0.0,93.4,0.0,88.0,30.0,76.5,86.0,0.0,48.8,0.0,0.0,122.0,0.0,235.5,201.9,189.9,185.9,0.0,30.6249,0.0,0.0,118.5,0.0,97.625,1.3,63.3,222.8748,205.275,7631.0,9.0,3.0,1.0,3.0,190.0,98.0,14.0,77.0,1.0
2025-02-28,2.9248,0.0,9.4,10.3,8.7,0.0,0.0,4.9,8.6,0.0,11.24,0.0,7.4,11.2,18.1,0.0,0.0,7.6,14.1,0.0,19.0,0.0,14.9,6.2,16.0,0.0,0.0,22.4,14.9,0.0,81.0,0.0,85.1,93.8,84.0,0.0,0.0,77.6,85.1,0.0,202.5,0.0,141.2,272.6,211.4,0.0,0.0,201.9,189.9,0.0,32.8749,0.0,70.1,116.1,157.2,0.0,0.0,38.2,121.9,0.0,365.925,14414.0,11.0,1.0,1.0,4.0,457.0,57.0,50.0,183.0,1.5
2025-03-01,2.5579,0.0,9.2,10.0,7.7,0.0,7.0627,3.5,7.8,0.0,16.615,0.0,16.7,17.3,11.9,0.0,6.637,4.1,16.0,0.0,29.0,0.0,16.8,10.4,23.5,0.0,30.0,36.6,22.5,0.0,71.0,0.0,83.2,89.6,76.5,0.0,70.0,63.4,77.5,0.0,202.5,0.0,236.2,122.9,211.4,0.0,240.8,201.9,189.9,0.0,42.5,0.0,154.6,174.9,92.0,0.0,46.8749,14.9,125.1,0.0,313.65,14763.5,11.0,1.0,1.0,4.0,445.0,54.0,53.0,202.5,2.0
