date;hours_machine;idle_percentage;operating_percentage;total_fuel;gal_hour;shovel;performance;coal_prod;waste_prod;haul_truck_15.0m3;haul_truck_24.0m3;haul_truck_25.0m3;haul_truck_27.0m3;truck_trips_15.0m3;truck_trips_24.0m3;truck_trips_25.0m3;truck_trips_27.0m3;rainfall_mm
2024-02-25;11.713;7;93;51.625;4.4075;CAT 320-1;202.5;230.775;7161;9;1;1;6;196;19;21;120;7.6
2024-02-26;14.073;7;93;59.1249;4.2013;CAT 320-1;187.3;167.025;10956;10;1;1;6;302;37;39;169;0
2024-02-27;14.196;7;93;61.2499;4.3146;CAT 320-1;157.1;414.375;12544;11;1;1;6;335;41;40;205;41.1
2024-02-28;18.698;7;93;80.3749;4.2986;CAT 320-1;182.8;251.175;13027;9;1;1;6;325;44;43;223;0
2024-02-29;19.145;8;92;81.2501;4.2439;CAT 320-1;174.2;314.925;14098;9;2;1;6;312;54;43;261;0
2024-03-01;14.598;8;92;62.1251;4.2557;CAT 320-1;174.4;414.375;15436;8;1;1;6;415;60;43;248;0
2024-03-02;20.081;10;90;83.7499;4.1706;CAT 320-1;202.5;459;14919;9;1;1;6;346;56;33;280;0
2024-03-03;19.252;8;92;83.9998;4.3632;CAT 320-1;202.5;255;6973;8;1;1;6;169;28;7;133;0
2024-03-04;5.188;13;87;21.6249;4.1682;CAT 320-1;202.5;267.75;12244;9;1;1;6;251;47;37;238;0
2024-03-06;18.751;7;93;77.25;4.1198;CAT 320-1;202.5;522.75;11913;7;1;1;6;177;45;42;264;0
2024-03-08;10.954;10;90;43.125;3.9369;CAT 320-1;202.5;424.575;11214;8;1;1;5;236;51;42;200;13.9
2024-03-11;9.014;9;91;29.625;3.2866;CAT 320-1;165.6;357;11226;6;1;1;4;288;65;27;173;6.8
2024-03-12;18.079;18;82;54.5;3.0145;CAT 320-1;505.3;427.125;12281;7;1;1;4;336;19;23;230;0
2024-03-13;19.728;16;84;71.375;3.618;CAT 320-1;194.5;363.375;8005;7;0;1;4;216;0;34;145;1.3
2024-03-14;14.659;12;88;51.75;3.5303;CAT 320-1;202.5;181.05;9164;6;0;1;6;189;0;35;202;1
2024-03-15;16.454;9;91;61.5;3.7377;CAT 320-1;202.5;484.5;11231;6;0;1;6;232;0;53;238;0
2024-03-16;21.251;19;81;73.75;3.4704;CAT 320-1;202.5;326.4;8853;5;0;1;6;149;0;39;209;62.9
2024-03-17;4.531;14;86;16.0001;3.5312;CAT 320-1;202.5;89.25;7490;5;0;1;6;141;0;26;175;26.9
2024-03-18;10.235;26;74;31.3749;3.0655;CAT 320-1;202.5;450.075;13256;8;1;1;5;276;34;62;250;0.7
2024-03-19;16.768;27;73;54.2501;3.2353;CAT 320-1;202.5;304.725;13086;7;1;1;6;328;32;54;224;0
2024-03-20;14.774;29;71;43.125;2.919;CAT 320-1;202.5;290.7;9506;9;1;1;6;254;36;41;141;0.5
2024-03-21;16.76;21;79;58.5001;3.4905;CAT 320-1;202.5;369.75;12226;8;1;1;4;350;3;58;202;0
2024-03-22;18.942;17;83;65.875;3.4777;CAT 320-1;202.5;427.125;13102;9;0;1;5;333;0;64;241;0
2024-03-27;13.124;26;74;52.375;3.9908;CAT 320-1;202.5;464.1;14043;8;0;1;5;334;0;60;279;0
2024-03-28;13.945;23;77;43.0001;3.0835;CAT 320-1;202.5;545.7;13643;7;0;1;5;366;0;68;239;0
2024-03-29;13.878;14;86;47.7499;3.4407;CAT 320-1;202.5;410.55;13161;8;0;1;5;376;0;60;223;0
2024-03-30;17.032;18;82;59.6249;3.5008;CAT 320-1;167.3;75.225;13716;8;0;1;5;391;0;57;238;0
2024-03-31;11.167;17;83;38.4999;3.4477;CAT 320-1;202.5;112.2;6842;6;0;1;4;185;0;32;121;0.2
2024-04-01;14.286;18;82;47.5;3.3249;CAT 320-1;202.5;294.525;11442;7;0;1;5;248;0;54;236;0
2024-04-02;11.291;17;83;36.875;3.2659;CAT 320-1;202.5;410.55;12355;8;0;1;5;318;0;55;230;0
2024-04-04;8.125;16;84;21.7501;2.6769;CAT 320-1;204.2;198.9;9906;8;0;0;5;277;0;0;213;39.1
2024-04-05;17.51;32;68;56.9999;3.2553;CAT 320-1;202.5;357;11202;9;0;0;5;340;0;0;226;0
2024-04-07;15.764;18;82;53;3.3621;CAT 320-1;202.5;220.575;4335;4;0;0;5;82;0;0;115;0
2024-04-08;12.904;21;79;39.625;3.0708;CAT 320-1;202.5;360.825;10623;6;0;1;5;228;0;30;239;0
2024-04-09;14.123;17;83;47.1251;3.3368;CAT 320-1;202.5;242.25;10972;7;0;1;5;247;0;52;221;0
2024-04-10;14.199;22;78;46.5001;3.2749;CAT 320-1;202.5;210.375;11726;9;0;1;5;279;0;50;233;0
2024-04-12;18.687;13;87;62.1251;3.3245;CAT 320-1;202.5;275.4;12378;9;0;1;6;242;0;54;274;0
2024-04-15;9.877;29;71;28.4999;2.8855;CAT 320-1;202.5;267.75;4495;6;0;1;5;56;0;22;115;6
2024-04-16;9.212;13;87;37.625;4.0843;CAT 320-1;205.2;112.2;5630;4;0;1;4;120;0;29;115;0.5
2024-04-19;9.109;21;79;30.2501;3.3209;CAT 320-1;202.5;232.05;5692;9;0;1;4;183;0;25;86;3.3
2024-04-22;6.596;25;75;21.0001;3.1837;CAT 320-1;150;89.25;3162;7;1;1;4;76;13;9;55;5.8
2024-04-25;8.299;26;74;25.5;3.0727;CAT 320-1;202.5;267.75;6004;7;1;1;4;130;34;28;94;1.7
2024-04-26;8.868;28;72;27.7499;3.1292;CAT 320-1;202.5;210.375;8466;9;2;1;4;217;41;33;126;14.4
2024-04-27;8.296;33;67;24.9999;3.0135;CAT 320-1;148.4;237.15;6683;6;2;1;4;162;34;23;106;0.7
2024-04-28;9.251;22;78;31.125;3.3645;CAT 320-1;202.5;153;7494;6;3;1;4;131;83;27;106;1.2
2024-05-01;8.929;17;83;30.2501;3.3878;CAT 320-1;202.5;198.9;8946;10;3;0;3;309;84;0;85;0
2024-05-03;8.466;25;75;28.375;3.3516;CAT 320-1;154.6;229.5;8631;10;3;0;4;235;80;0;118;0
2024-05-07;9.234;6;94;36.5001;3.9528;CAT 320-1;202.5;181.05;7008;7;3;0;3;156;91;0;92;3.5
2024-05-08;8.996;19;81;30.1249;3.3487;CAT 320-1;202.5;149.175;7029;8;3;0;4;193;71;0;90;39.3
2024-05-09;8.043;17;83;28.375;3.5279;CAT 320-1;202.5;68.85;4845;9;3;0;3;166;43;0;49;19.3
2024-05-10;9.025;20;80;29.8749;3.3102;CAT 320-1;202.5;95.625;6142.5;9;3;0;3;208.5;39;0;77;0.5
2024-05-11;9.285;18;82;32.625;3.5137;CAT 320-1;202.5;70.125;6951;7;2;0;2;245;60;0;68;0.2
2024-05-13;8.825;21;79;28.8751;3.272;CAT 320-1;202.5;118.575;8230;9;3;1;3;232;72;28;86;0
2024-05-14;9.082;14;86;32.5;3.5785;CAT 320-1;202.5;249.9;8976;10;2;1;3;283;59;30;95;19
2024-05-17;9.262;21;79;32.1249;3.4685;CAT 320-1;202.5;221.85;7124;7;2;1;3;154;59;29;99;1.2
2024-05-18;9.374;18;82;30.5;3.2537;CAT 320-1;202.5;149.175;6473;7;2;1;3;124;52;32;95;0
2024-05-25;8.863;24;76;28.6249;3.2297;CAT 320-1;202.5;459;4800;6;2;1;3;60;52;24;76;10.6
2024-05-26;6.024;13;87;19.5001;3.2371;CAT 320-1;202.5;405.45;5933;5;2;1;3;122;57;23;80;3.3
2024-05-31;8.89;21;79;29.9999;3.3746;CAT 320-1;202.5;293.25;5445;8;2;1;2;115;63;30;54;4.3
2024-06-18;9.328;11;89;31.3749;3.3635;CAT 320-1;134.9;196.35;4325;5;1;1;1;141;5;35;45;32.5
2024-06-20;9.234;19;81;30.7499;3.3301;CAT 320-1;202.5;242.25;4867;5;1;1;1;150;34;31;38;1.2
2024-07-02;8.74;43;57;21.875;2.5029;CAT 320-1;202.5;149.175;5559;8;1;1;1;208;27;36;33;9.1
2024-07-06;9.236;30;70;25.7499;2.788;CAT 320-1;202.5;156.825;6938;10;1;1;1;312;29;29;31;0
2024-08-01;9.335;12;88;33.375;3.5753;CAT 320-1;202.5;265.2;4912;7;1;1;1;133;38;37;40;2
2024-08-02;9.228;18;82;30.2501;3.2781;CAT 320-1;202.5;261.375;5125;6;1;1;2;130;42;37;46;6
2024-08-03;9.358;15;85;36;3.847;CAT 320-1;202.5;238.425;5321;6;1;1;2;103;39;38;70;0
2024-08-04;9.441;16;84;31.4999;3.3365;CAT 320-1;202.5;96.9;5756;6;1;1;2;160;30;32;68;0
2024-08-05;9.348;13;87;36;3.8511;CAT 320-1;202.5;183.6;3847;6;2;1;2;115;29;16;38;3.3
2024-08-10;5.121;26;74;15.3751;3.0024;CAT 320-1;202.5;116.025;4591.5;7;1;1;2;144;24;24;46.5;35.8
2024-08-11;8.035;16;84;29.625;3.687;CAT 320-1;202.5;200.175;4401;6;1;1;2;105;30;27;53;3.5
2024-08-13;9.212;13;87;34;3.6908;CAT 320-1;202.5;381.225;6367;9;2;1;2;209;56;28;44;0.3
2024-08-17;9.214;9;91;33.375;3.6222;CAT 320-1;202.5;291.55;6029;7;2;1;2;141;62;29;63;0
2024-08-25;9.341;16;84;32.7499;3.506;CAT 320-1;202.5;203.15;4667;8;1;1;3;103;29;29;63;0.5
2024-08-27;9.284;28;72;29.625;3.191;CAT 320-1;202.5;167.11;5891;5;2;1;3;113;72;35;59;1.7
2024-08-29;9.107;35;65;26.0001;2.855;CAT 320-1;334.9;372.861;5470;7;2;1;3;100;43;16;94;0.2
2025-02-28;11.24;19;81;32.8749;2.9248;CAT 320-1;202.5;365.925;14414;11;1;1;4;457;57;50;183;1.5
2025-03-01;16.615;29;71;42.5;2.5579;CAT 320-1;202.5;313.65;14763.5;11;1;1;4;445;54;53;202.5;2
2024-02-25;12.7;23.7;76.3;123.19;9.7;CAT 320-2;175.4;230.775;7161;9;1;1;6;196;19;21;120;7.6
2024-02-27;14.4;23.7;76.3;139.68;9.7;CAT 320-2;91.4;414.375;12544;11;1;1;6;335;41;40;205;41.1
2024-02-28;19.5;23.7;76.3;189.15;9.7;CAT 320-2;162;251.175;13027;9;1;1;6;325;44;43;223;0
2024-03-06;9.557;30;70;24.875;2.6028;CAT 320-2;113.7;522.75;11913;7;1;1;6;177;45;42;264;0
2024-03-08;11.59;18;82;39.2499;3.3865;CAT 320-2;113.7;424.575;11214;8;1;1;5;236;51;42;200;13.9
2024-03-11;5.002;15;85;19.125;3.8235;CAT 320-2;113.7;357;11226;6;1;1;4;288;65;27;173;6.8
2024-03-12;17.49;19;81;56.2499;3.2161;CAT 320-2;113.7;427.125;12281;7;1;1;4;336;19;23;230;0
2024-03-13;10.816;17;83;33.25;3.0741;CAT 320-2;113.7;363.375;8005;7;0;1;4;216;0;34;145;1.3
2024-03-14;16.613;14;86;58.6251;3.5289;CAT 320-2;113.7;181.05;9164;6;0;1;6;189;0;35;202;1
2024-03-15;15.071;15;85;53;3.5167;CAT 320-2;113.7;484.5;11231;6;0;1;6;232;0;53;238;0
2024-03-16;20.712;13;87;70.3749;3.3978;CAT 320-2;113.7;326.4;8853;5;0;1;6;149;0;39;209;62.9
2024-03-17;10.396;14;86;16.1251;1.5511;CAT 320-2;113.7;89.25;7490;5;0;1;6;141;0;26;175;26.9
2024-03-18;2.309;76;24;21.3749;9.2572;CAT 320-2;113.7;450.075;13256;8;1;1;5;276;34;62;250;0.7
2024-03-19;13.644;23;77;46;3.3714;CAT 320-2;113.7;304.725;13086;7;1;1;6;328;32;54;224;0
2024-03-20;22.148;22;78;72.6248;3.2791;CAT 320-2;113.7;290.7;9506;9;1;1;6;254;36;41;141;0.5
2024-03-21;13.821;18;82;42.5;3.075;CAT 320-2;113.7;369.75;12226;8;1;1;4;350;3;58;202;0
2024-03-22;16.219;20;80;58.4998;3.6069;CAT 320-2;113.7;427.125;13102;9;0;1;5;333;0;64;241;0
2024-03-27;18.181;21;79;68.625;3.7745;CAT 320-2;113.7;464.1;14043;8;0;1;5;334;0;60;279;0
2024-03-28;14.821;24;76;67.875;4.5797;CAT 320-2;113.7;545.7;13643;7;0;1;5;366;0;68;239;0
2024-04-02;1.288;21.91341991;78.08658009;4.133591224;3.209309957;CAT 320-2;113.7;410.55;12355;8;0;1;5;318;0;55;230;0
2024-04-04;19.28;18;82;52.2501;2.7101;CAT 320-2;113.7;198.9;9906;8;0;0;5;277;0;0;213;39.1
2024-04-05;13.163;41;59;50.7501;3.8555;CAT 320-2;113.7;357;11202;9;0;0;5;340;0;0;226;0
2024-04-07;0.848;59;41;1.5;1.7688;CAT 320-2;113.7;220.575;4335;4;0;0;5;82;0;0;115;0
2024-04-15;9.216;15;85;39;4.2318;CAT 320-2;113.7;267.75;4495;6;0;1;5;56;0;22;115;6
2024-04-16;9.308;21;79;34.3749;3.693;CAT 320-2;113.7;112.2;5630;4;0;1;4;120;0;29;115;0.5
2024-04-19;8.896;15;85;32.3751;3.6393;CAT 320-2;113.7;232.05;5692;9;0;1;4;183;0;25;86;3.3
2024-04-22;7.131;19;81;26.7501;3.7512;CAT 320-2;101.2;89.25;3162;7;1;1;4;76;13;9;55;5.8
2024-04-25;1.685;56;44;2.9999;1.7804;CAT 320-2;113.7;267.75;6004;7;1;1;4;130;34;28;94;1.7
2024-04-26;3.872;19;81;15.5;4.0031;CAT 320-2;113.7;210.375;8466;9;2;1;4;217;41;33;126;14.4
2024-04-27;9.264;18;82;32.8749;3.5487;CAT 320-2;113.7;237.15;6683;6;2;1;4;162;34;23;106;0.7
2024-04-28;8.286;19;81;31.75;3.8318;CAT 320-2;113.7;153;7494;6;3;1;4;131;83;27;106;1.2
2024-05-01;4.829;21.91341991;78.08658009;15.49775778;3.209309957;CAT 320-2;113.7;198.9;8946;10;3;0;3;309;84;0;85;0
2024-05-03;0.841;24;76;3.3751;4.0131;CAT 320-2;113.7;229.5;8631;10;3;0;4;235;80;0;118;0
2024-05-07;6.189;17;83;24.125;3.898;CAT 320-2;113.7;181.05;7008;7;3;0;3;156;91;0;92;3.5
2024-05-08;2.734;71;29;4.125;1.5088;CAT 320-2;113.7;149.175;7029;8;3;0;4;193;71;0;90;39.3
2024-05-09;4.382;26;74;12.9999;2.9667;CAT 320-2;113.7;68.85;4845;9;3;0;3;166;43;0;49;19.3
2024-05-10;7.067;14;86;24.5001;3.4668;CAT 320-2;113.7;95.625;6142.5;9;3;0;3;208.5;39;0;77;0.5
2024-05-11;7.541;15;85;21.7501;2.8842;CAT 320-2;113.7;70.125;6951;7;2;0;2;245;60;0;68;0.2
2024-07-02;9.814;15;85;34.5001;3.5154;CAT 320-2;113.7;149.175;5559;8;1;1;1;208;27;36;33;9.1
2024-07-06;8.506;11;89;35.5;4.1735;CAT 320-2;113.7;156.825;6938;10;1;1;1;312;29;29;31;0
2024-08-05;7.6;23.7;76.3;73.72;9.7;CAT 320-2;137.5;183.6;3847;6;2;1;2;115;29;16;38;3.3
2024-08-10;7.194;15;85;23.8751;3.3187;CAT 320-2;113.7;116.025;4591.5;7;1;1;2;144;24;24;46.5;35.8
2024-08-11;9.021;20;80;27.8749;3.09;CAT 320-2;113.7;200.175;4401;6;1;1;2;105;30;27;53;3.5
2024-08-13;9.139;18;82;28.375;3.1048;CAT 320-2;113.7;381.225;6367;9;2;1;2;209;56;28;44;0.3
2024-08-17;9.118;22;78;27.625;3.0297;CAT 320-2;113.7;291.55;6029;7;2;1;2;141;62;29;63;0
2024-08-25;9.763;25;75;39.9999;4.0971;CAT 320-2;113.7;203.15;4667;8;1;1;3;103;29;29;63;0.5
2024-08-27;9.101;22;78;28.7501;3.159;CAT 320-2;113.7;167.11;5891;5;2;1;3;113;72;35;59;1.7
2024-08-29;9.252;21;79;29.125;3.148;CAT 320-2;79.7;372.861;5470;7;2;1;3;100;43;16;94;0.2
2024-10-17;11.472;28;72;30.6249;2.6695;CAT 320-2;48.8;205.275;7631;9;3;1;3;190;98;14;77;1
2024-04-15;6.077;30;70;41.875;6.8907;CAT 336-3;411.7;267.75;4495;6;0;1;5;56;0;22;115;6
2024-04-16;1.102;45;55;3.7499;3.4028;CAT 336-3;272.7;112.2;5630;4;0;1;4;120;0;29;115;0.5
2024-04-19;5.496;82;18;9.6251;1.7513;CAT 336-3;206.4;232.05;5692;9;0;1;4;183;0;25;86;3.3
2024-04-22;2.933;58;42;10.75;3.6652;CAT 336-3;206.4;89.25;3162;7;1;1;4;76;13;9;55;5.8
2024-04-25;9.507;8;92;79.375;8.3491;CAT 336-3;175.2;267.75;6004;7;1;1;4;130;34;28;94;1.7
2024-04-26;9.561;9;91;82.25;8.6027;CAT 336-3;354.8;210.375;8466;9;2;1;4;217;41;33;126;14.4
2024-04-27;9.054;14;86;72.25;7.9799;CAT 336-3;117.2;237.15;6683;6;2;1;4;162;34;23;106;0.7
2024-04-28;6.784;8;92;59.8748;8.8259;CAT 336-3;206.4;153;7494;6;3;1;4;131;83;27;106;1.2
2024-05-01;9.381;11;89;76.1249;8.1148;CAT 336-3;206.4;198.9;8946;10;3;0;3;309;84;0;85;0
2024-05-03;9.328;7;93;83.8749;8.9917;CAT 336-3;151.6;229.5;8631;10;3;0;4;235;80;0;118;0
2024-05-07;8.597;12;88;69.8751;8.1278;CAT 336-3;269.7;181.05;7008;7;3;0;3;156;91;0;92;3.5
2024-05-08;8.939;11;89;72.0001;8.0546;CAT 336-3;239.5;149.175;7029;8;3;0;4;193;71;0;90;39.3
2024-05-09;6.668;12;88;54.1249;8.1171;CAT 336-3;279.3;68.85;4845;9;3;0;3;166;43;0;49;19.3
2024-05-10;8.702;18;82;68.9999;7.9292;CAT 336-3;234.8;95.625;6142.5;9;3;0;3;208.5;39;0;77;0.5
2024-05-11;7.731;10;90;64.375;8.3269;CAT 336-3;124.6;70.125;6951;7;2;0;2;245;60;0;68;0.2
2024-05-13;7.946;16;84;64.5;8.1173;CAT 336-3;185.7;118.575;8230;9;3;1;3;232;72;28;86;0
2024-05-14;9.71;14;86;78.2499;8.0587;CAT 336-3;277.6;249.9;8976;10;2;1;3;283;59;30;95;19
2024-05-17;9.364;5;95;84.4999;9.0239;CAT 336-3;242.9;221.85;7124;7;2;1;3;154;59;29;99;1.2
2024-05-18;10.271;10;90;85.8749;8.3609;CAT 336-3;218.8;149.175;6473;7;2;1;3;124;52;32;95;0
2024-05-25;6.26;19;81;47.1251;7.528;CAT 336-3;206.4;459;4800;6;2;1;3;60;52;24;76;10.6
2024-05-26;9.715;13;87;76.8748;7.913;CAT 336-3;206.4;405.45;5933;5;2;1;3;122;57;23;80;3.3
2024-05-31;10.013;35;65;64.2501;6.4167;CAT 336-3;185.7;293.25;5445;8;2;1;2;115;63;30;54;4.3
2024-06-18;9.599;9;91;83.7499;8.7249;CAT 336-3;250.1;196.35;4325;5;1;1;1;141;5;35;45;32.5
2024-06-20;9.217;8;92;83.2498;9.0322;CAT 336-3;247.5;242.25;4867;5;1;1;1;150;34;31;38;1.2
2024-07-02;8.966;19;81;68.3748;7.626;CAT 336-3;206.4;149.175;5559;8;1;1;1;208;27;36;33;9.1
2024-07-06;9.121;14;86;70.875;7.7705;CAT 336-3;206.4;156.825;6938;10;1;1;1;312;29;29;31;0
2024-08-01;7.518;16;84;53.6251;7.1329;CAT 336-3;206.4;265.2;4912;7;1;1;1;133;38;37;40;2
2024-08-02;9.246;14;86;76.2501;8.2468;CAT 336-3;171.1;261.375;5125;6;1;1;2;130;42;37;46;6
2024-08-03;10.085;5;95;91.25;9.0481;CAT 336-3;173.3;238.425;5321;6;1;1;2;103;39;38;70;0
2024-08-04;9.516;7;93;82.6248;8.6827;CAT 336-3;140.2;96.9;5756;6;1;1;2;160;30;32;68;0
2024-08-05;9.341;7;93;81.6249;8.7384;CAT 336-3;150.8;183.6;3847;6;2;1;2;115;29;16;38;3.3
2024-08-10;7.896;6;94;72.25;9.1502;CAT 336-3;122.3;116.025;4591.5;7;1;1;2;144;24;24;46.5;35.8
2024-08-11;9.158;6;94;82.9999;9.0631;CAT 336-3;206.4;200.175;4401;6;1;1;2;105;30;27;53;3.5
2024-08-13;9.607;5;95;90;9.3682;CAT 336-3;191.5;381.225;6367;9;2;1;2;209;56;28;44;0.3
2024-08-17;1.385;14;86;9.25;6.6787;CAT 336-3;206.4;291.55;6029;7;2;1;2;141;62;29;63;0
2024-08-25;9.363;8;92;81.7499;8.7312;CAT 336-3;119.7;203.15;4667;8;1;1;3;103;29;29;63;0.5
2024-08-27;8.173;18;82;57.1251;6.9895;CAT 336-3;107.8;167.11;5891;5;2;1;3;113;72;35;59;1.7
2024-08-29;6.461;9;91;52.375;8.1063;CAT 336-3;157.5;372.861;5470;7;2;1;3;100;43;16;94;0.2
2024-08-03;1.478;20.82580645;79.17419355;11.60587867;7.85242129;CAT 336-8;240.8;238.425;5321;6;1;1;2;103;39;38;70;0
2024-08-04;1.679;77;23;2.75;1.6379;CAT 336-8;240.8;96.9;5756;6;1;1;2;160;30;32;68;0
2024-08-05;4.482;81;19;7.125;1.5897;CAT 336-8;240.8;183.6;3847;6;2;1;2;115;29;16;38;3.3
2024-08-10;5.58;18;82;48.125;8.6246;CAT 336-8;218.2;116.025;4591.5;7;1;1;2;144;24;24;46.5;35.8
2024-08-11;3.955;52;48;19.875;5.0253;CAT 336-8;240.8;200.175;4401;6;1;1;2;105;30;27;53;3.5
2024-08-13;10.234;13;87;94.9999;9.2828;CAT 336-8;382.3;381.225;6367;9;2;1;2;209;56;28;44;0.3
2024-08-17;9.391;5;95;98.375;10.4755;CAT 336-8;304.1;291.55;6029;7;2;1;2;141;62;29;63;0
2024-08-27;9.279;11;89;86.7499;9.349;CAT 336-8;157.4;167.11;5891;5;2;1;3;113;72;35;59;1.7
2024-08-29;9.333;13;87;83.3751;8.9334;CAT 336-8;147.1;372.861;5470;7;2;1;3;100;43;16;94;0.2
2024-10-17;12.441;12;88;97.625;7.847;CAT 336-8;235.5;205.275;7631;9;3;1;3;190;98;14;77;1
2025-03-01;6.637;30;70;46.8749;7.0627;CAT 336-8;240.8;313.65;14763.5;11;1;1;4;445;54;53;202.5;2
2024-02-25;12.7;14.8;85.2;149.86;11.8;CAT 349-6;157.2;230.775;7161;9;1;1;6;196;19;21;120;7.6
2024-02-26;15.1;14.8;85.2;178.18;11.8;CAT 349-6;302.2;167.025;10956;10;1;1;6;302;37;39;169;0
2024-02-27;14.4;14.8;85.2;169.92;11.8;CAT 349-6;165.4;414.375;12544;11;1;1;6;335;41;40;205;41.1
2024-02-28;19.5;14.8;85.2;230.1;11.8;CAT 349-6;313.5;251.175;13027;9;1;1;6;325;44;43;223;0
2024-02-29;19.4;14.8;85.2;228.92;11.8;CAT 349-6;178.8;314.925;14098;9;2;1;6;312;54;43;261;0
2024-03-01;17.7;14.8;85.2;208.86;11.8;CAT 349-6;134.5;414.375;15436;8;1;1;6;415;60;43;248;0
2024-03-02;19.7;14.8;85.2;232.46;11.8;CAT 349-6;225.1;459;14919;9;1;1;6;346;56;33;280;0
2024-03-04;10.9;14.8;85.2;128.62;11.8;CAT 349-6;164.6;267.75;12244;9;1;1;6;251;47;37;238;0
2024-03-06;16.6;14.8;85.2;195.88;11.8;CAT 349-6;247.5;522.75;11913;7;1;1;6;177;45;42;264;0
2024-03-11;10.7;14.8;85.2;126.26;11.8;CAT 349-6;167.9;357;11226;6;1;1;4;288;65;27;173;6.8
2024-03-12;18.4;14.8;85.2;217.12;11.8;CAT 349-6;295.5;427.125;12281;7;1;1;4;336;19;23;230;0
2024-03-16;7.249;17.35680751;82.64319249;71.77970691;9.902015023;CAT 349-6;241.5;326.4;8853;5;0;1;6;149;0;39;209;62.9
2024-03-17;9.55;17.35680751;82.64319249;94.56424347;9.902015023;CAT 349-6;241.5;89.25;7490;5;0;1;6;141;0;26;175;26.9
2024-03-18;13.131;17.35680751;82.64319249;130.0233593;9.902015023;CAT 349-6;219.2;450.075;13256;8;1;1;5;276;34;62;250;0.7
2024-03-19;19.037;17.35680751;82.64319249;188.50466;9.902015023;CAT 349-6;60.6;304.725;13086;7;1;1;6;328;32;54;224;0
2024-03-20;18.495;17.35680751;82.64319249;183.1377679;9.902015023;CAT 349-6;247.7;290.7;9506;9;1;1;6;254;36;41;141;0.5
2024-03-21;14.092;17.35680751;82.64319249;139.5391957;9.902015023;CAT 349-6;269.5;369.75;12226;8;1;1;4;350;3;58;202;0
2024-03-22;19.081;17.35680751;82.64319249;188.9403487;9.902015023;CAT 349-6;241.5;427.125;13102;9;0;1;5;333;0;64;241;0
2024-03-27;15.35;17.35680751;82.64319249;151.9959306;9.902015023;CAT 349-6;241.5;464.1;14043;8;0;1;5;334;0;60;279;0
2024-03-28;19.221;17.35680751;82.64319249;190.3266308;9.902015023;CAT 349-6;221.8;545.7;13643;7;0;1;5;366;0;68;239;0
2024-03-29;19.297;17.35680751;82.64319249;191.0791839;9.902015023;CAT 349-6;320.6;410.55;13161;8;0;1;5;376;0;60;223;0
2024-03-30;19.193;17.35680751;82.64319249;190.0493743;9.902015023;CAT 349-6;289.1;75.225;13716;8;0;1;5;391;0;57;238;0
2024-03-31;13.953;17.35680751;82.64319249;138.1628156;9.902015023;CAT 349-6;331.7;112.2;6842;6;0;1;4;185;0;32;121;0.2
2024-04-01;14.271;17.35680751;82.64319249;141.3116564;9.902015023;CAT 349-6;225.6;294.525;11442;7;0;1;5;248;0;54;236;0
2024-04-02;18.888;17.35680751;82.64319249;187.0292598;9.902015023;CAT 349-6;257.1;410.55;12355;8;0;1;5;318;0;55;230;0
2024-04-04;16.344;17.35680751;82.64319249;161.8385335;9.902015023;CAT 349-6;313.6;198.9;9906;8;0;0;5;277;0;0;213;39.1
2024-04-05;18.599;17.35680751;82.64319249;184.1675774;9.902015023;CAT 349-6;241.5;357;11202;9;0;0;5;340;0;0;226;0
2024-04-07;10.751;15;85;154.375;14.3591;CAT 349-6;189.1;220.575;4335;4;0;0;5;82;0;0;115;0
2024-04-08;13.605;10;90;102.3748;7.5248;CAT 349-6;241.5;360.825;10623;6;0;1;5;228;0;30;239;0
2024-04-09;19.206;11;89;201.4998;10.4915;CAT 349-6;296.5;242.25;10972;7;0;1;5;247;0;52;221;0
2024-04-10;19.727;9;91;207.5;10.5186;CAT 349-6;273;210.375;11726;9;0;1;5;279;0;50;233;0
2024-04-12;18.837;8;92;206.4998;10.9625;CAT 349-6;309.2;275.4;12378;9;0;1;6;242;0;54;274;0
2024-04-15;3.568;31;69;31.4999;8.8284;CAT 349-6;241.5;267.75;4495;6;0;1;5;56;0;22;115;6
2024-04-16;9.299;11;89;101.4999;10.9151;CAT 349-6;288.9;112.2;5630;4;0;1;4;120;0;29;115;0.5
2024-04-19;7.194;28;72;65.6248;9.1221;CAT 349-6;241.5;232.05;5692;9;0;1;4;183;0;25;86;3.3
2024-04-26;7.666;17.35680751;82.64319249;75.90884717;9.902015023;CAT 349-6;300.3;210.375;8466;9;2;1;4;217;41;33;126;14.4
2024-04-27;8.368;19;81;85.9999;10.2772;CAT 349-6;240.9;237.15;6683;6;2;1;4;162;34;23;106;0.7
2024-04-28;9.46;8;92;105.7499;11.1786;CAT 349-6;146.1;153;7494;6;3;1;4;131;83;27;106;1.2
2024-05-01;9.431;8;92;105.8749;11.2263;CAT 349-6;301.8;198.9;8946;10;3;0;3;309;84;0;85;0
2024-05-03;9.348;10;90;101.4999;10.8579;CAT 349-6;303.3;229.5;8631;10;3;0;4;235;80;0;118;0
2024-05-07;9.281;6;94;103.6249;11.1653;CAT 349-6;241.5;181.05;7008;7;3;0;3;156;91;0;92;3.5
2024-05-08;13.133;8;92;138.4998;10.5459;CAT 349-6;332.7;149.175;7029;8;3;0;4;193;71;0;90;39.3
2024-05-09;7.892;14;86;79.6249;10.0893;CAT 349-6;272.8;68.85;4845;9;3;0;3;166;43;0;49;19.3
2024-05-10;9.026;10;90;94.3749;10.4559;CAT 349-6;241.5;95.625;6142.5;9;3;0;3;208.5;39;0;77;0.5
2024-05-11;9.489;8;92;99.6251;10.499;CAT 349-6;241.5;70.125;6951;7;2;0;2;245;60;0;68;0.2
2024-05-13;8.635;10;90;96.375;11.161;CAT 349-6;241.5;118.575;8230;9;3;1;3;232;72;28;86;0
2024-05-14;10.018;12;88;103.7499;10.3563;CAT 349-6;241.5;249.9;8976;10;2;1;3;283;59;30;95;19
2024-05-17;9.091;6;94;105.5;11.6049;CAT 349-6;241.5;221.85;7124;7;2;1;3;154;59;29;99;1.2
2024-05-18;8.794;11;89;97.1249;11.0445;CAT 349-6;367.4;149.175;6473;7;2;1;3;124;52;32;95;0
2024-05-25;8.94;11;89;97.1249;10.8641;CAT 349-6;167.9;459;4800;6;2;1;3;60;52;24;76;10.6
2024-05-26;8.815;8;92;96.6249;10.9614;CAT 349-6;358.2;405.45;5933;5;2;1;3;122;57;23;80;3.3
2024-05-31;8.691;10;90;94.3749;10.8589;CAT 349-6;180.8;293.25;5445;8;2;1;2;115;63;30;54;4.3
2024-06-20;9.053;9;91;99.75;11.0185;CAT 349-6;199.2;242.25;4867;5;1;1;1;150;34;31;38;1.2
2024-07-02;6.304;22;78;60.6251;9.6169;CAT 349-6;252.6;149.175;5559;8;1;1;1;208;27;36;33;9.1
2024-07-06;9.16;10;90;98.1248;10.7123;CAT 349-6;317.8;156.825;6938;10;1;1;1;312;29;29;31;0
2024-08-01;9.404;5;95;101.25;10.7667;CAT 349-6;229.9;265.2;4912;7;1;1;1;133;38;37;40;2
2024-08-02;8.951;8;92;97.75;10.9206;CAT 349-6;126.1;261.375;5125;6;1;1;2;130;42;37;46;6
2024-08-13;1.46;75;25;4.4999;3.0821;CAT 349-6;241.5;381.225;6367;9;2;1;2;209;56;28;44;0.3
2024-08-17;9.351;8;92;101.25;10.8277;CAT 349-6;241.5;291.55;6029;7;2;1;2;141;62;29;63;0
2024-08-25;8.881;11;89;95.2499;10.7251;CAT 349-6;208.7;203.15;4667;8;1;1;3;103;29;29;63;0.5
2024-08-27;9.308;15;85;93.6249;10.0585;CAT 349-6;194.1;167.11;5891;5;2;1;3;113;72;35;59;1.7
2024-08-29;9.316;13;87;92.625;9.9426;CAT 349-6;200.6;372.861;5470;7;2;1;3;100;43;16;94;0.2
2024-10-17;18.861;14;86;222.8748;11.8167;CAT 349-6;185.9;205.275;7631;9;3;1;3;190;98;14;77;1
2025-02-28;7.4;14.9;85.1;70.1;9.4;KOM 360-13;141.2;365.925;14414;11;1;1;4;457;57;50;183;1.5
2025-03-01;16.7;16.8;83.2;154.6;9.2;KOM 360-13;236.2;313.65;14763.5;11;1;1;4;445;54;53;202.5;2
2025-02-28;11.2;6.2;93.8;116.1;10.3;KOM 360-14;272.6;365.925;14414;11;1;1;4;457;57;50;183;1.5
2025-03-01;17.3;10.4;89.6;174.9;10;KOM 360-14;122.9;313.65;14763.5;11;1;1;4;445;54;53;202.5;2
2024-05-08;7.1;11.5;88.5;60.35;8.5;KOM 390-10;228.3;149.175;7029;8;3;0;4;193;71;0;90;39.3
2024-05-09;5.6;11.5;88.5;47.6;8.5;KOM 390-10;239.7;68.85;4845;9;3;0;3;166;43;0;49;19.3
2024-05-10;9.7;21.6;78.4;80;8.2;KOM 390-10;211.4;95.625;6142.5;9;3;0;3;208.5;39;0;77;0.5
2024-05-11;9.5;17.9;82.1;84.5;8.8;KOM 390-10;211.4;70.125;6951;7;2;0;2;245;60;0;68;0.2
2024-05-13;9.8;6.1;93.9;100.7;10.1;KOM 390-10;211.4;118.575;8230;9;3;1;3;232;72;28;86;0
2024-05-14;9.5;7.4;92.6;95;9.9;KOM 390-10;211.4;249.9;8976;10;2;1;3;283;59;30;95;19
2024-05-17;9.6;5.2;94.8;99.1;10.2;KOM 390-10;211.4;221.85;7124;7;2;1;3;154;59;29;99;1.2
2024-05-18;9.4;6.4;93.6;95.9;10;KOM 390-10;182.4;149.175;6473;7;2;1;3;124;52;32;95;0
2024-05-25;9.2;7.6;92.4;92.7;10;KOM 390-10;260.5;459;4800;6;2;1;3;60;52;24;76;10.6
2024-05-26;9;5.6;94.4;91.6;10;KOM 390-10;312;405.45;5933;5;2;1;3;122;57;23;80;3.3
2024-05-31;8.6;8.1;91.9;83.1;9.6;KOM 390-10;101.6;293.25;5445;8;2;1;2;115;63;30;54;4.3
2024-06-18;0;0;0;0;1.2;KOM 390-10;0;196.35;4325;5;1;1;1;141;5;35;45;32.5
2024-06-20;10;15;85;87;8.6;KOM 390-10;146.3;242.25;4867;5;1;1;1;150;34;31;38;1.2
2024-07-02;9.4;28.7;71.3;70.7;7.4;KOM 390-10;149.6;149.175;5559;8;1;1;1;208;27;36;33;9.1
2024-07-06;9.1;6.6;93.4;88.7;9.7;KOM 390-10;193.4;156.825;6938;10;1;1;1;312;29;29;31;0
2024-08-01;6.9;5.8;94.2;66.4;9.4;KOM 390-10;211.4;265.2;4912;7;1;1;1;133;38;37;40;2
2024-08-02;6.7;11.9;88.1;61.5;9;KOM 390-10;211.4;261.375;5125;6;1;1;2;130;42;37;46;6
2024-08-03;6.7;4.5;95.5;63.7;9.4;KOM 390-10;211.4;238.425;5321;6;1;1;2;103;39;38;70;0
2024-08-04;6.3;3.2;96.8;64.3;10.1;KOM 390-10;211.4;96.9;5756;6;1;1;2;160;30;32;68;0
2024-08-05;6.7;7.5;92.5;63.2;9.3;KOM 390-10;211.4;183.6;3847;6;2;1;2;115;29;16;38;3.3
2024-08-10;7.4;4.1;95.9;78.9;10.5;KOM 390-10;241.4;116.025;4591.5;7;1;1;2;144;24;24;46.5;35.8
2024-08-11;9;5.6;94.4;92.8;10.1;KOM 390-10;359.1;200.175;4401;6;1;1;2;105;30;27;53;3.5
2024-08-13;6.7;25.4;74.6;49.6;7.3;KOM 390-10;211.4;381.225;6367;9;2;1;2;209;56;28;44;0.3
2024-08-17;8.3;24.1;75.9;60.9;7.2;KOM 390-10;211.4;291.55;6029;7;2;1;2;141;62;29;63;0
2024-08-25;0;0;0;0;0;KOM 390-10;0;203.15;4667;8;1;1;3;103;29;29;63;0.5
2024-08-29;9;13.3;86.7;78.1;8.5;KOM 390-10;211.4;372.861;5470;7;2;1;3;100;43;16;94;0.2
2024-10-17;12.2;6.6;93.4;118.5;9.6;KOM 390-10;122;205.275;7631;9;3;1;3;190;98;14;77;1
2025-02-28;18.1;16;84;157.2;8.7;KOM 390-10;211.4;365.925;14414;11;1;1;4;457;57;50;183;1.5
2025-03-01;11.9;23.5;76.5;92;7.7;KOM 390-10;211.4;313.65;14763.5;11;1;1;4;445;54;53;202.5;2
2024-02-25;12.3;11.4;88.6;107.4;8.7;KOM 390-4;72.9;230.775;7161;9;1;1;6;196;19;21;120;7.6
2024-02-26;14.3;7;93;130.6;9.1;KOM 390-4;180.4;167.025;10956;10;1;1;6;302;37;39;169;0
2024-02-27;14.2;6.3;93.7;132.4;9.3;KOM 390-4;253.1;414.375;12544;11;1;1;6;335;41;40;205;41.1
2024-02-28;18.9;7.4;92.6;175.1;9.2;KOM 390-4;137.8;251.175;13027;9;1;1;6;325;44;43;223;0
2024-02-29;19.5;7.7;92.3;178.7;9.1;KOM 390-4;164.8;314.925;14098;9;2;1;6;312;54;43;261;0
2024-03-01;19.3;8.3;91.7;176.6;9.1;KOM 390-4;201.9;414.375;15436;8;1;1;6;415;60;43;248;0
2024-03-02;19.5;8.2;91.8;176.9;9;KOM 390-4;234.1;459;14919;9;1;1;6;346;56;33;280;0
2024-03-03;13.9;9.4;90.6;122.7;8.7;KOM 390-4;114.2;255;6973;8;1;1;6;169;28;7;133;0
2024-03-04;13.8;9.4;90.6;124.7;9;KOM 390-4;133;267.75;12244;9;1;1;6;251;47;37;238;0
2024-03-06;19.1;8.4;91.6;175.1;9.1;KOM 390-4;95.3;522.75;11913;7;1;1;6;177;45;42;264;0
2024-03-08;17.9;8.9;91.1;160.5;8.9;KOM 390-4;271.2;424.575;11214;8;1;1;5;236;51;42;200;13.9
2024-03-11;14.4;6.9;93.1;133.4;9.2;KOM 390-4;35.9;357;11226;6;1;1;4;288;65;27;173;6.8
2024-03-12;19.2;16.7;83.3;155.2;8.1;KOM 390-4;263.5;427.125;12281;7;1;1;4;336;19;23;230;0
2024-03-13;16.7;10.8;89.2;148.4;8.8;KOM 390-4;304.5;363.375;8005;7;0;1;4;216;0;34;145;1.3
2024-03-14;17.8;7.9;92.1;162.4;9.1;KOM 390-4;94.5;181.05;9164;6;0;1;6;189;0;35;202;1
2024-03-15;19.5;7.7;92.3;181.1;9.2;KOM 390-4;217.4;484.5;11231;6;0;1;6;232;0;53;238;0
2024-03-16;18.3;9.3;90.7;164.9;9;KOM 390-4;294.4;326.4;8853;5;0;1;6;149;0;39;209;62.9
2024-03-17;10.6;7.5;92.5;99.5;9.4;KOM 390-4;339.2;89.25;7490;5;0;1;6;141;0;26;175;26.9
2024-03-18;13;10.8;89.2;114.8;8.8;KOM 390-4;201.9;450.075;13256;8;1;1;5;276;34;62;250;0.7
2024-03-19;19.1;10.5;89.5;170.7;8.9;KOM 390-4;201.9;304.725;13086;7;1;1;6;328;32;54;224;0
2024-03-20;18.8;11.7;88.3;163.7;8.6;KOM 390-4;255.3;290.7;9506;9;1;1;6;254;36;41;141;0.5
2024-03-21;17.5;17.1;82.9;138.5;7.9;KOM 390-4;201.9;369.75;12226;8;1;1;4;350;3;58;202;0
2024-03-22;19.4;9.3;90.7;168.8;8.6;KOM 390-4;236.9;427.125;13102;9;0;1;5;333;0;64;241;0
2024-03-27;18.8;9.6;90.4;168.4;8.9;KOM 390-4;401.7;464.1;14043;8;0;1;5;334;0;60;279;0
2024-03-28;19.2;10.9;89.1;166.8;8.7;KOM 390-4;206.7;545.7;13643;7;0;1;5;366;0;68;239;0
2024-03-29;19.1;10.5;89.5;162.7;8.5;KOM 390-4;201.1;410.55;13161;8;0;1;5;376;0;60;223;0
2024-03-30;19;9.5;90.5;166.7;8.7;KOM 390-4;245.3;75.225;13716;8;0;1;5;391;0;57;238;0
2024-03-31;13;12.3;87.7;107.7;8.2;KOM 390-4;203.7;112.2;6842;6;0;1;4;185;0;32;121;0.2
2024-04-01;14.3;9.1;90.9;126.1;8.8;KOM 390-4;225;294.525;11442;7;0;1;5;248;0;54;236;0
2024-04-02;19.1;11;89;167.6;8.7;KOM 390-4;183.1;410.55;12355;8;0;1;5;318;0;55;230;0
2024-04-04;16.5;14.5;85.5;136.4;8.2;KOM 390-4;190.2;198.9;9906;8;0;0;5;277;0;0;213;39.1
2024-04-05;18.6;11.8;88.2;161.7;8.6;KOM 390-4;328.8;357;11202;9;0;0;5;340;0;0;226;0
2024-04-07;13.9;23.7;76.3;104.3;7.4;KOM 390-4;240.8;220.575;4335;4;0;0;5;82;0;0;115;0
2024-04-08;14;10.7;89.3;122.5;8.7;KOM 390-4;83.9;360.825;10623;6;0;1;5;228;0;30;239;0
2024-04-09;19;12.1;87.9;158.9;8.3;KOM 390-4;138;242.25;10972;7;0;1;5;247;0;52;221;0
2024-04-10;18.1;12.7;87.3;146.8;8.1;KOM 390-4;201.9;210.375;11726;9;0;1;5;279;0;50;233;0
2024-04-12;19.2;6.2;93.8;174.3;9;KOM 390-4;201.9;275.4;12378;9;0;1;6;242;0;54;274;0
2024-04-15;9.2;4.3;95.7;87.5;9.4;KOM 390-4;201.9;267.75;4495;6;0;1;5;56;0;22;115;6
2024-04-16;9.5;8.4;91.6;84.7;8.9;KOM 390-4;177.6;112.2;5630;4;0;1;4;120;0;29;115;0.5
2024-04-19;9.6;6.2;93.8;85.1;8.7;KOM 390-4;193.1;232.05;5692;9;0;1;4;183;0;25;86;3.3
2024-04-22;6.8;5.9;94.1;64.4;9.3;KOM 390-4;183.9;89.25;3162;7;1;1;4;76;13;9;55;5.8
2024-04-25;7.3;14.5;85.5;86.14;11.8;KOM 390-4;233.7;267.75;6004;7;1;1;4;130;34;28;94;1.7
2024-04-26;9.3;3.2;96.8;88.7;9.4;KOM 390-4;197.7;210.375;8466;9;2;1;4;217;41;33;126;14.4
2024-04-27;9.2;8.7;91.3;79.8;8.6;KOM 390-4;90.3;237.15;6683;6;2;1;4;162;34;23;106;0.7
2024-04-28;9.5;9.5;90.5;84;8.7;KOM 390-4;201.9;153;7494;6;3;1;4;131;83;27;106;1.2
2024-05-01;8.3;7.2;92.8;75.4;9;KOM 390-4;238.1;198.9;8946;10;3;0;3;309;84;0;85;0
2024-05-03;9.4;4.3;95.7;88.1;9.4;KOM 390-4;178.7;229.5;8631;10;3;0;4;235;80;0;118;0
2024-05-07;9.4;6.4;93.6;86.7;9.1;KOM 390-4;201.9;181.05;7008;7;3;0;3;156;91;0;92;3.5
2024-05-08;8.5;8.2;91.8;75.7;8.8;KOM 390-4;201.9;149.175;7029;8;3;0;4;193;71;0;90;39.3
2024-05-09;6.7;23.9;76.1;48;7.1;KOM 390-4;201.9;68.85;4845;9;3;0;3;166;43;0;49;19.3
2024-05-10;9;13.3;86.7;75.2;8.2;KOM 390-4;201.9;95.625;6142.5;9;3;0;3;208.5;39;0;77;0.5
2024-05-11;10.8;13;87;88.1;8.1;KOM 390-4;201.9;70.125;6951;7;2;0;2;245;60;0;68;0.2
2024-05-13;9.5;9.5;90.5;83;8.7;KOM 390-4;201.9;118.575;8230;9;3;1;3;232;72;28;86;0
2024-05-14;9.4;10.6;89.4;81.4;8.6;KOM 390-4;201.9;249.9;8976;10;2;1;3;283;59;30;95;19
2024-05-17;0;0;0;0;0;KOM 390-4;0;221.85;7124;7;2;1;3;154;59;29;99;1.2
2024-05-18;1.9;15.8;84.2;14.3;7.1;KOM 390-4;201.9;149.175;6473;7;2;1;3;124;52;32;95;0
2024-05-25;0;0;0;0;0;KOM 390-4;0;459;4800;6;2;1;3;60;52;24;76;10.6
2024-05-26;0;0;0;0;0;KOM 390-4;0;405.45;5933;5;2;1;3;122;57;23;80;3.3
2024-05-31;0;0;0;0;0;KOM 390-4;0;293.25;5445;8;2;1;2;115;63;30;54;4.3
2024-06-18;9.6;7.3;92.7;82.2;8.5;KOM 390-4;237.6;196.35;4325;5;1;1;1;141;5;35;45;32.5
2024-06-20;6.2;14.5;85.5;43;6.8;KOM 390-4;201.9;242.25;4867;5;1;1;1;150;34;31;38;1.2
2024-07-02;9.1;13.2;86.8;73.8;8;KOM 390-4;201.9;149.175;5559;8;1;1;1;208;27;36;33;9.1
2024-07-06;8.5;7.1;92.9;76.6;9;KOM 390-4;201.9;156.825;6938;10;1;1;1;312;29;29;31;0
2024-08-01;6.9;20.3;79.7;51.1;7.3;KOM 390-4;201.9;265.2;4912;7;1;1;1;133;38;37;40;2
2024-08-02;7.9;34.2;65.8;47.5;5.9;KOM 390-4;201.9;261.375;5125;6;1;1;2;130;42;37;46;6
2024-08-03;8;35;65;50.2;6.2;KOM 390-4;201.9;238.425;5321;6;1;1;2;103;39;38;70;0
2024-08-04;8;27.5;72.5;55.2;6.8;KOM 390-4;201.9;96.9;5756;6;1;1;2;160;30;32;68;0
2024-08-05;7.7;45.5;54.5;42.5;5.5;KOM 390-4;201.9;183.6;3847;6;2;1;2;115;29;16;38;3.3
2024-08-10;6.6;30.3;69.7;46.2;6.8;KOM 390-4;201.9;116.025;4591.5;7;1;1;2;144;24;24;46.5;35.8
2024-08-11;3.5;37.1;62.9;20.9;5.8;KOM 390-4;201.9;200.175;4401;6;1;1;2;105;30;27;53;3.5
2024-08-13;7.6;35.5;64.5;47.6;6.2;KOM 390-4;201.9;381.225;6367;9;2;1;2;209;56;28;44;0.3
2024-08-17;8.5;29.4;70.6;56.3;6.6;KOM 390-4;201.9;291.55;6029;7;2;1;2;141;62;29;63;0
2024-08-25;8.4;11.9;88.1;76.1;9;KOM 390-4;201.9;203.15;4667;8;1;1;3;103;29;29;63;0.5
2024-08-27;8.7;25.3;74.7;59.8;6.8;KOM 390-4;201.9;167.11;5891;5;2;1;3;113;72;35;59;1.7
2024-08-29;8.2;17.1;82.9;63.7;7.7;KOM 390-4;201.9;372.861;5470;7;2;1;3;100;43;16;94;0.2
2024-10-17;1;70;30;1.3;1.2;KOM 390-4;201.9;205.275;7631;9;3;1;3;190;98;14;77;1
2025-02-28;7.6;22.4;77.6;38.2;4.9;KOM 390-4;201.9;365.925;14414;11;1;1;4;457;57;50;183;1.5
2025-03-01;4.1;36.6;63.4;14.9;3.5;KOM 390-4;201.9;313.65;14763.5;11;1;1;4;445;54;53;202.5;2
2024-02-25;14.2;14.1;85.9;124.3;8.7;KOM 390-9;250.3;230.775;7161;9;1;1;6;196;19;21;120;7.6
2024-02-26;17;9.4;90.6;155.5;9.1;KOM 390-9;185.4;167.025;10956;10;1;1;6;302;37;39;169;0
2024-02-27;14.8;6.1;93.9;142.7;9.5;KOM 390-9;156.7;414.375;12544;11;1;1;6;335;41;40;205;41.1
2024-02-28;21;11;89;191;9;KOM 390-9;285;251.175;13027;9;1;1;6;325;44;43;223;0
2024-02-29;19.5;8.2;91.8;185.6;9.5;KOM 390-9;130.6;314.925;14098;9;2;1;6;312;54;43;261;0
2024-03-01;19.2;9.4;90.6;173.9;9;KOM 390-9;63.3;414.375;15436;8;1;1;6;415;60;43;248;0
2024-03-02;19.6;10.7;89.3;177.9;9;KOM 390-9;258.6;459;14919;9;1;1;6;346;56;33;280;0
2024-03-03;14.1;9.9;90.1;129.8;9.1;KOM 390-9;201;255;6973;8;1;1;6;169;28;7;133;0
2024-03-04;13.6;7.4;92.6;127.3;9.3;KOM 390-9;195.8;267.75;12244;9;1;1;6;251;47;37;238;0
2024-03-06;18.8;10.6;89.4;158.1;8.3;KOM 390-9;189.9;522.75;11913;7;1;1;6;177;45;42;264;0
2024-03-08;17.4;12.6;87.4;159.5;9.1;KOM 390-9;198.8;424.575;11214;8;1;1;5;236;51;42;200;13.9
2024-03-11;14.3;9.1;90.9;132.1;9.2;KOM 390-9;189.9;357;11226;6;1;1;4;288;65;27;173;6.8
2024-03-12;19;17.9;82.1;154;8.1;KOM 390-9;203.6;427.125;12281;7;1;1;4;336;19;23;230;0
2024-03-13;16.9;16.6;83.4;136.1;8;KOM 390-9;213;363.375;8005;7;0;1;4;216;0;34;145;1.3
2024-03-14;17.6;11.9;88.1;152.6;8.6;KOM 390-9;189.9;181.05;9164;6;0;1;6;189;0;35;202;1
2024-03-15;19.3;10.9;89.1;168.5;8.7;KOM 390-9;232.1;484.5;11231;6;0;1;6;232;0;53;238;0
2024-03-16;19.3;15;85;164.7;8.5;KOM 390-9;278.4;326.4;8853;5;0;1;6;149;0;39;209;62.9
2024-03-17;10.5;4.8;95.2;97.8;9.2;KOM 390-9;158;89.25;7490;5;0;1;6;141;0;26;175;26.9
2024-03-18;13.7;12.4;87.6;125;9.1;KOM 390-9;144.4;450.075;13256;8;1;1;5;276;34;62;250;0.7
2024-03-19;19.1;9.9;90.1;178.9;9.3;KOM 390-9;159.3;304.725;13086;7;1;1;6;328;32;54;224;0
2024-03-20;18.8;8;92;179;9.5;KOM 390-9;189.9;290.7;9506;9;1;1;6;254;36;41;141;0.5
2024-03-21;16.9;12.4;87.6;154.4;9.1;KOM 390-9;163.3;369.75;12226;8;1;1;4;350;3;58;202;0
2024-03-22;19.4;11.3;88.7;178.9;9.2;KOM 390-9;189.9;427.125;13102;9;0;1;5;333;0;64;241;0
2024-03-27;19.1;6.8;93.2;178.8;9.3;KOM 390-9;380.3;464.1;14043;8;0;1;5;334;0;60;279;0
2024-03-28;19.3;11.4;88.6;174.8;9;KOM 390-9;159.9;545.7;13643;7;0;1;5;366;0;68;239;0
2024-03-29;19.1;7.3;92.7;181.8;9.5;KOM 390-9;235.2;410.55;13161;8;0;1;5;376;0;60;223;0
2024-03-30;19.1;7.9;92.1;182.1;9.5;KOM 390-9;228.2;75.225;13716;8;0;1;5;391;0;57;238;0
2024-03-31;14.2;12;88;132.2;9.3;KOM 390-9;138.8;112.2;6842;6;0;1;4;185;0;32;121;0.2
2024-04-01;13.3;11.3;88.7;120.4;9;KOM 390-9;189.9;294.525;11442;7;0;1;5;248;0;54;236;0
2024-04-02;16.8;8.9;91.1;151.8;9;KOM 390-9;151.6;410.55;12355;8;0;1;5;318;0;55;230;0
2024-04-04;16.1;17.4;82.6;130.5;8.1;KOM 390-9;31.7;198.9;9906;8;0;0;5;277;0;0;213;39.1
2024-04-05;18.6;10.8;89.2;165.4;8.9;KOM 390-9;157.8;357;11202;9;0;0;5;340;0;0;226;0
2024-04-07;13.8;9.4;90.6;129.1;9.3;KOM 390-9;172;220.575;4335;4;0;0;5;82;0;0;115;0
2024-04-08;14.2;9.2;90.8;132.7;9.2;KOM 390-9;88.6;360.825;10623;6;0;1;5;228;0;30;239;0
2024-04-09;19.2;6.8;93.2;182;9.4;KOM 390-9;212.9;242.25;10972;7;0;1;5;247;0;52;221;0
2024-04-10;19.1;7.9;92.1;178.1;9.3;KOM 390-9;189.9;210.375;11726;9;0;1;5;279;0;50;233;0
2024-04-12;19.3;4.7;95.3;181;9.4;KOM 390-9;189.9;275.4;12378;9;0;1;6;242;0;54;274;0
2024-04-15;0;0;0;0;0.7;KOM 390-9;0;267.75;4495;6;0;1;5;56;0;22;115;6
2024-04-16;0.4;50;50;1.5;2.7;KOM 390-9;189.9;112.2;5630;4;0;1;4;120;0;29;115;0.5
2024-04-19;9.4;5.3;94.7;91.6;9.6;KOM 390-9;192.4;232.05;5692;9;0;1;4;183;0;25;86;3.3
2024-04-22;7.5;10.7;89.3;69.1;9.1;KOM 390-9;233.6;89.25;3162;7;1;1;4;76;13;9;55;5.8
2024-04-25;9.7;10.3;89.7;88.9;9;KOM 390-9;117.4;267.75;6004;7;1;1;4;130;34;28;94;1.7
2024-04-26;9.4;9.6;90.4;86.4;9.1;KOM 390-9;138.1;210.375;8466;9;2;1;4;217;41;33;126;14.4
2024-04-27;7.5;17.3;82.7;63.2;8.3;KOM 390-9;188.6;237.15;6683;6;2;1;4;162;34;23;106;0.7
2024-04-28;9.6;11.5;88.5;88.2;9.1;KOM 390-9;186.6;153;7494;6;3;1;4;131;83;27;106;1.2
2024-05-01;9.4;9.6;90.4;85.3;9;KOM 390-9;186;198.9;8946;10;3;0;3;309;84;0;85;0
2024-05-03;0.8;0;100;8.7;9.3;KOM 390-9;150.3;229.5;8631;10;3;0;4;235;80;0;118;0
2024-05-07;0;0;0;0;0;KOM 390-9;0;181.05;7008;7;3;0;3;156;91;0;92;3.5
2024-05-08;0.2;50;50;0.8;3.2;KOM 390-9;189.9;149.175;7029;8;3;0;4;193;71;0;90;39.3
2024-05-09;0;0;0;0;0;KOM 390-9;0;68.85;4845;9;3;0;3;166;43;0;49;19.3
2024-05-10;0;0;0;0;0;KOM 390-9;0;95.625;6142.5;9;3;0;3;208.5;39;0;77;0.5
2024-05-11;0;0;0;0;0;KOM 390-9;0;70.125;6951;7;2;0;2;245;60;0;68;0.2
2024-05-13;0;0;0;0;0;KOM 390-9;0;118.575;8230;9;3;1;3;232;72;28;86;0
2024-05-14;0;0;0;0;0;KOM 390-9;0;249.9;8976;10;2;1;3;283;59;30;95;19
2024-05-17;0;0;0;0;0;KOM 390-9;0;221.85;7124;7;2;1;3;154;59;29;99;1.2
2024-05-18;0;0;0;0;0;KOM 390-9;0;149.175;6473;7;2;1;3;124;52;32;95;0
2024-05-25;4.3;4.7;95.3;36.1;8.1;KOM 390-9;189.9;459;4800;6;2;1;3;60;52;24;76;10.6
2024-05-26;1.3;69.2;30.8;2.6;1.9;KOM 390-9;189.9;405.45;5933;5;2;1;3;122;57;23;80;3.3
2024-05-31;0;0;0;0;0;KOM 390-9;0;293.25;5445;8;2;1;2;115;63;30;54;4.3
2024-06-18;9.8;11.2;88.8;81.3;8.2;KOM 390-9;189.9;196.35;4325;5;1;1;1;141;5;35;45;32.5
2024-06-20;9.4;16;84;75.4;7.9;KOM 390-9;189.9;242.25;4867;5;1;1;1;150;34;31;38;1.2
2024-07-02;8.3;19.3;80.7;59.3;7.1;KOM 390-9;189.9;149.175;5559;8;1;1;1;208;27;36;33;9.1
2024-07-06;6.1;13.1;86.9;47.9;7.8;KOM 390-9;189.9;156.825;6938;10;1;1;1;312;29;29;31;0
2024-08-01;9.1;9.9;90.1;80.2;8.8;KOM 390-9;189.9;265.2;4912;7;1;1;1;133;38;37;40;2
2024-08-02;9.3;10.8;89.2;82.2;8.7;KOM 390-9;215.7;261.375;5125;6;1;1;2;130;42;37;46;6
2024-08-03;9.5;8.4;91.6;88.3;9.2;KOM 390-9;251.5;238.425;5321;6;1;1;2;103;39;38;70;0
2024-08-04;10.3;8.7;91.3;95.2;9.1;KOM 390-9;274.3;96.9;5756;6;1;1;2;160;30;32;68;0
2024-08-05;8.2;8.5;91.5;69.9;8.4;KOM 390-9;216.3;183.6;3847;6;2;1;2;115;29;16;38;3.3
2024-08-10;8.1;17.3;82.7;64.1;7.9;KOM 390-9;189.9;116.025;4591.5;7;1;1;2;144;24;24;46.5;35.8
2024-08-11;1.6;18.7;81.2;12;7.1;KOM 390-9;189.9;200.175;4401;6;1;1;2;105;30;27;53;3.5
2024-08-13;2.8;17.9;82.1;19.8;6.9;KOM 390-9;189.9;381.225;6367;9;2;1;2;209;56;28;44;0.3
2024-08-17;2.4;8.3;91.7;20.3;8.3;KOM 390-9;189.9;291.55;6029;7;2;1;2;141;62;29;63;0
2024-08-25;8.7;34.5;65.5;47;5.4;KOM 390-9;189.9;203.15;4667;8;1;1;3;103;29;29;63;0.5
2024-08-27;8.1;22.2;77.8;52.8;6.5;KOM 390-9;189.9;167.11;5891;5;2;1;3;113;72;35;59;1.7
2024-08-29;7.8;11.5;88.5;62.9;7.9;KOM 390-9;189.9;372.861;5470;7;2;1;3;100;43;16;94;0.2
2024-10-17;8.5;23.5;76.5;63.3;7.3;KOM 390-9;189.9;205.275;7631;9;3;1;3;190;98;14;77;1
2025-02-28;14.1;14.9;85.1;121.9;8.6;KOM 390-9;189.9;365.925;14414;11;1;1;4;457;57;50;183;1.5
2025-03-01;16;22.5;77.5;125.1;7.8;KOM 390-9;189.9;313.65;14763.5;11;1;1;4;445;54;53;202.5;2
